Label,Rank
Terebellidae,KINGDOM
Elpidia,KINGDOM
Porifera,PHYLUM
Hexactinellida,CLASS
Gastropoda,CLASS
Ophiuroidea,CLASS
Crinoidea,CLASS
Asteroidea,CLASS
Holothuroidea,CLASS
Amphipoda,ORDER
Zoantharia,ORDER
Actiniaria,ORDER
Brisingida,ORDER
Scleractinia,ORDER
Isididae,FAMILY
Hormathiidae,FAMILY
Vesicomyidae,FAMILY
Serpulidae,FAMILY
Munnopsidae,FAMILY
Lithodidae,FAMILY
Ophiacanthidae,FAMILY
Farrea,GENUS
Sebastes,GENUS
Funiculina,GENUS
Acanthoptilum,GENUS
Staurocalyptus,GENUS
Mycale,GENUS
Actinernus,GENUS
Asbestopluma,GENUS
Isosicyonis,GENUS
Sebastolobus,GENUS
Munidopsis,GENUS
Delectopecten,GENUS
Tunicata,GENUS
Paragorgia,GENUS
Keratoisis,GENUS
Peniagone,GENUS
Scotoplanes,GENUS
Hippasteria,GENUS
Pandalus platyceros,SPECIES
Gersemia juliepackardae,SPECIES
Scotoplanes globosa,SPECIES
Psathyrometra fragilis,SPECIES
Chorilia longipes,SPECIES
Corallimorphus pilatus,SPECIES
Florometra serratissima,SPECIES
Asbestopluma monticola,SPECIES
Mediaster aequalis,SPECIES
Chionoecetes tanneri,SPECIES
Ptychogastria polaris,SPECIES
Sebastes diploproa,SPECIES
Paralomis multispina,SPECIES
Apostichopus leukothele,SPECIES
Liponema brevicorne,SPECIES
Psolus squamatus,SPECIES
Strongylocentrotus fragilis,SPECIES
Abyssocucumis abyssorum,SPECIES
Paelopatides confundens,SPECIES
Pennatula phosphorea,SPECIES
Rathbunaster californicus,SPECIES
Benthocodon pedunculata,SPECIES
Octopus rubescens,SPECIES
Microstomus pacificus,SPECIES
Heteropolypus ritteri,SPECIES
Heterochone calyx,SPECIES
Paragorgia arborea,SPECIES
Isidella tentaculum,SPECIES
Pandalus amplus,SPECIES
Metridium farcimen,SPECIES
Merluccius productus,SPECIES
Pyrosoma atlanticum,SPECIES
Pannychia moseleyi,SPECIES
Ceriantharia, ORDER
Caridea, INFRAORDER
Parastenella, GENUS
Umbellula, GENUS
Actinopterygii, CLASS
Acanthascinae, FAMILY
Heterocarpus, GENUS
