annotation_id,concept_name
1,Umbellula
2,Umbellula
3,Umbellula
4,Umbellula
5,Umbellula
6,Umbellula
7,Umbellula
8,Umbellula
9,Umbellula
10,Umbellula
11,Umbellula
12,Umbellula
13,Umbellula
14,Umbellula
15,Caridea
16,Caridea
17,Umbellula
18,Umbellula
19,Caridea
20,Caridea
21,Umbellula
22,Ceriantharia
23,Umbellula
24,Ceriantharia
25,Ceriantharia
26,Ceriantharia
27,Umbellula
28,Umbellula
29,Umbellula
30,Umbellula
31,Elpidia
32,Ceriantharia
33,Elpidia
34,Umbellula
35,Elpidia
36,Elpidia
37,Acanthascinae
38,Parastenella
39,Acanthascinae
40,Acanthascinae
41,Acanthascinae
42,Acanthascinae
43,Parastenella
44,Acanthascinae
45,Parastenella
46,Caridea
47,Parastenella
48,Caridea
49,Caridea
50,Caridea
51,Terebellidae
52,Actinopterygii
53,Actinopterygii
54,Umbellula
55,Actinopterygii
56,Elpidia
57,Elpidia
58,Elpidia
59,Actinopterygii
60,Umbellula
61,Umbellula
62,Actinopterygii
63,Actinopterygii
64,Actinopterygii
65,Ceriantharia
66,Parastenella
67,Umbellula
68,Acanthascinae
69,Acanthascinae
70,Acanthascinae
71,Acanthascinae
72,Acanthascinae
73,Caridea
74,Ceriantharia
75,Caridea
76,Umbellula
77,Caridea
78,Ceriantharia
79,Ceriantharia
80,Ceriantharia
81,Parastenella
82,Umbellula
83,Actinopterygii
84,Caridea
85,Ceriantharia
86,Acanthascinae
87,Umbellula
88,Parastenella
89,Parastenella
90,Umbellula
91,Ceriantharia
92,Actinopterygii
93,Actinopterygii
94,Acanthascinae
95,Actinopterygii
96,Parastenella
97,Ceriantharia
98,Acanthascinae
99,Sebastolobus
100,Ceriantharia
101,Caridea
102,Umbellula
103,Elpidia
104,Ceriantharia
105,Umbellula
106,Acanthascinae
107,Umbellula
108,Acanthascinae
109,Acanthascinae
110,Acanthascinae
111,Acanthascinae
112,Acanthascinae
113,Acanthascinae
114,Elpidia
115,Umbellula
116,Caridea
117,Umbellula
118,Umbellula
119,Elpidia
120,Elpidia
121,Elpidia
122,Parastenella
123,Actinopterygii
124,Actinopterygii
125,Umbellula
126,Caridea
127,Elpidia
128,Ceriantharia
129,Umbellula
130,Parastenella
131,Actinopterygii
132,Caridea
133,Elpidia
134,Caridea
135,Caridea
136,Actinopterygii
137,Actinopterygii
138,Actinopterygii
139,Parastenella
140,Actinopterygii
141,Actinopterygii
142,Actinopterygii
143,Actinopterygii
144,Caridea
145,Acanthascinae
146,Caridea
147,Parastenella
148,Caridea
149,Parastenella
150,Parastenella
151,Parastenella
152,Actinopterygii
153,Parastenella
154,Caridea
155,Caridea
156,Parastenella
157,Elpidia
158,Caridea
159,Ceriantharia
160,Caridea
161,Parastenella
162,Actinopterygii
163,Parastenella
164,Parastenella
165,Caridea
166,Caridea
167,Acanthascinae
168,Parastenella
169,Ceriantharia
170,Parastenella
171,Parastenella
172,Acanthascinae
173,Parastenella
174,Umbellula
175,Elpidia
176,Caridea
177,Elpidia
178,Actinopterygii
179,Elpidia
180,Elpidia
181,Umbellula
182,Umbellula
183,Elpidia
184,Ceriantharia
185,Actinopterygii
186,Ceriantharia
187,Ceriantharia
188,Ceriantharia
189,Ceriantharia
190,Ceriantharia
191,Parastenella
192,Parastenella
193,Ceriantharia
194,Parastenella
195,Parastenella
196,Parastenella
197,Parastenella
198,Parastenella
199,Parastenella
200,Parastenella
201,Parastenella
202,Parastenella
203,Parastenella
204,Parastenella
205,Actinopterygii
206,Parastenella
207,Parastenella
208,Parastenella
209,Parastenella
210,Elpidia
211,Ceriantharia
212,Caridea
213,Terebellidae
214,Caridea
215,Sebastolobus
216,Sebastolobus
217,Umbellula
218,Caridea
219,Parastenella
220,Actinopterygii
221,Parastenella
222,Heterocarpus
223,Caridea
224,Umbellula
225,Caridea
226,Caridea
227,Caridea
228,Caridea
229,Heterocarpus
230,Caridea
231,Caridea
232,Umbellula
233,Sebastolobus
234,Caridea
235,Elpidia
236,Elpidia
237,Parastenella
238,Actinopterygii
239,Actinopterygii
240,Parastenella
241,Actinopterygii
242,Ceriantharia
243,Elpidia
244,Elpidia
245,Actinopterygii
246,Parastenella
247,Parastenella
248,Acanthascinae
249,Umbellula
250,Umbellula
251,Elpidia
252,Actinopterygii
253,Ceriantharia
254,Actinopterygii
255,Actinopterygii
256,Terebellidae
257,Actinopterygii
258,Acanthascinae
259,Umbellula
260,Elpidia
261,Umbellula
262,Ceriantharia
263,Umbellula
264,Caridea
265,Elpidia
266,Caridea
267,Ceriantharia
268,Caridea
269,Umbellula
270,Caridea
271,Umbellula
272,Umbellula
273,Parastenella
274,Elpidia
275,Elpidia
276,Elpidia
277,Acanthascinae
278,Caridea
279,Parastenella
280,Actinopterygii
281,Parastenella
282,Acanthascinae
283,Elpidia
284,Actinopterygii
285,Actinopterygii
286,Actinopterygii
287,Caridea
288,Caridea
289,Caridea
290,Ceriantharia
291,Acanthascinae
292,Parastenella
293,Parastenella
294,Caridea
295,Caridea
296,Caridea
297,Caridea
298,Caridea
299,Caridea
300,Ceriantharia
301,Parastenella
302,Parastenella
303,Parastenella
304,Actinopterygii
305,Caridea
306,Umbellula
307,Acanthascinae
308,Acanthascinae
309,Parastenella
310,Parastenella
311,Ceriantharia
312,Actinopterygii
313,Ceriantharia
314,Ceriantharia
315,Ceriantharia
316,Elpidia
317,Ceriantharia
318,Umbellula
319,Umbellula
320,Parastenella
321,Elpidia
322,Umbellula
323,Elpidia
324,Parastenella
325,Elpidia
326,Elpidia
327,Elpidia
328,Parastenella
329,Actinopterygii
330,Actinopterygii
331,Umbellula
332,Elpidia
333,Elpidia
334,Umbellula
335,Umbellula
336,Acanthascinae
337,Actinopterygii
338,Actinopterygii
339,Ceriantharia
340,Ceriantharia
341,Caridea
342,Acanthascinae
343,Elpidia
344,Terebellidae
345,Caridea
346,Terebellidae
347,Caridea
348,Caridea
349,Terebellidae
350,Actinopterygii
351,Parastenella
352,Elpidia
353,Elpidia
354,Actinopterygii
355,Actinopterygii
356,Actinopterygii
357,Actinopterygii
358,Parastenella
359,Parastenella
360,Parastenella
361,Acanthascinae
362,Acanthascinae
363,Actinopterygii
364,Actinopterygii
365,Parastenella
366,Umbellula
367,Actinopterygii
368,Actinopterygii
369,Acanthascinae
370,Elpidia
371,Actinopterygii
372,Parastenella
373,Elpidia
374,Acanthascinae
375,Elpidia
376,Actinopterygii
377,Actinopterygii
378,Actinopterygii
379,Sebastolobus
380,Actinopterygii
381,Actinopterygii
382,Actinopterygii
383,Actinopterygii
384,Heterocarpus
385,Parastenella
386,Acanthascinae
387,Umbellula
388,Caridea
389,Ceriantharia
390,Actinopterygii
391,Umbellula
392,Actinopterygii
393,Actinopterygii
394,Caridea
395,Caridea
396,Umbellula
397,Caridea
398,Caridea
399,Caridea
400,Actinopterygii
401,Umbellula
402,Parastenella
403,Umbellula
404,Umbellula
405,Parastenella
406,Parastenella
407,Elpidia
408,Acanthascinae
409,Ceriantharia
410,Terebellidae
411,Caridea
412,Terebellidae
413,Actinopterygii
414,Actinopterygii
415,Actinopterygii
416,Parastenella
417,Ceriantharia
418,Acanthascinae
419,Umbellula
420,Actinopterygii
421,Ceriantharia
422,Actinopterygii
423,Caridea
424,Caridea
425,Actinopterygii
426,Terebellidae
427,Umbellula
428,Umbellula
429,Acanthascinae
430,Elpidia
431,Parastenella
432,Caridea
433,Parastenella
434,Caridea
435,Caridea
436,Acanthascinae
437,Parastenella
438,Parastenella
439,Actinopterygii
440,Acanthascinae
441,Actinopterygii
442,Acanthascinae
443,Acanthascinae
444,Caridea
445,Acanthascinae
446,Elpidia
447,Umbellula
448,Umbellula
449,Actinopterygii
450,Ceriantharia
451,Caridea
452,Caridea
453,Caridea
454,Actinopterygii
455,Caridea
456,Caridea
457,Parastenella
458,Acanthascinae
459,Parastenella
460,Parastenella
461,Parastenella
462,Umbellula
463,Parastenella
464,Actinopterygii
465,Caridea
466,Caridea
467,Actinopterygii
468,Actinopterygii
469,Umbellula
470,Umbellula
471,Actiniaria
472,Actinopterygii
473,Parastenella
474,Actinopterygii
475,Parastenella
476,Elpidia
477,Actinopterygii
478,Ceriantharia
479,Caridea
480,Terebellidae
481,Caridea
482,Ceriantharia
483,Caridea
484,Umbellula
485,Ceriantharia
486,Ceriantharia
487,Caridea
488,Parastenella
489,Parastenella
490,Parastenella
491,Parastenella
492,Umbellula
493,Umbellula
494,Parastenella
495,Acanthascinae
496,Elpidia
497,Caridea
498,Umbellula
499,Umbellula
500,Elpidia
501,Parastenella
502,Acanthascinae
503,Caridea
504,Acanthascinae
505,Umbellula
506,Actinopterygii
507,Parastenella
508,Ceriantharia
509,Caridea
510,Elpidia
511,Umbellula
512,Ceriantharia
513,Caridea
514,Caridea
515,Caridea
516,Actinopterygii
517,Umbellula
518,Parastenella
519,Parastenella
520,Elpidia
521,Heterocarpus
522,Actinopterygii
523,Actinopterygii
524,Parastenella
525,Ceriantharia
526,Actinopterygii
527,Heterocarpus
528,Umbellula
529,Elpidia
530,Umbellula
531,Elpidia
532,Caridea
533,Ceriantharia
534,Umbellula
535,Umbellula
536,Umbellula
537,Umbellula
538,Acanthascinae
539,Actinopterygii
540,Elpidia
541,Caridea
542,Ceriantharia
543,Parastenella
544,Parastenella
545,Actinopterygii
546,Umbellula
547,Actinopterygii
548,Caridea
549,Umbellula
550,Umbellula
551,Umbellula
552,Umbellula
553,Ceriantharia
554,Ceriantharia
555,Ceriantharia
556,Actinopterygii
557,Actinopterygii
558,Actinopterygii
559,Caridea
560,Caridea
561,Umbellula
562,Caridea
563,Umbellula
564,Actinopterygii
565,Ceriantharia
566,Ceriantharia
567,Actinopterygii
568,Caridea
569,Umbellula
570,Ceriantharia
571,Sebastolobus
572,Umbellula
573,Umbellula
574,Parastenella
575,Umbellula
576,Acanthascinae
577,Actinopterygii
578,Caridea
579,Caridea
580,Umbellula
581,Umbellula
582,Terebellidae
583,Ceriantharia
584,Ceriantharia
585,Elpidia
586,Elpidia
587,Caridea
588,Caridea
589,Ceriantharia
590,Ceriantharia
591,Caridea
592,Elpidia
593,Caridea
594,Caridea
595,Parastenella
596,Parastenella
597,Umbellula
598,Parastenella
599,Ceriantharia
600,Umbellula
601,Ceriantharia
602,Ceriantharia
603,Parastenella
604,Umbellula
605,Umbellula
606,Parastenella
607,Umbellula
608,Caridea
609,Umbellula
610,Umbellula
611,Caridea
612,Umbellula
613,Umbellula
614,Umbellula
615,Umbellula
616,Acanthascinae
617,Acanthascinae
618,Actinopterygii
619,Acanthascinae
620,Acanthascinae
621,Acanthascinae
622,Acanthascinae
623,Caridea
624,Elpidia
625,Elpidia
626,Actinopterygii
627,Parastenella
628,Actinopterygii
629,Caridea
630,Actinopterygii
631,Umbellula
632,Acanthascinae
633,Umbellula
634,Caridea
635,Elpidia
636,Actinopterygii
637,Actinopterygii
638,Acanthascinae
639,Actinopterygii
640,Parastenella
641,Ceriantharia
642,Elpidia
643,Elpidia
644,Caridea
645,Umbellula
646,Umbellula
647,Umbellula
648,Ceriantharia
649,Parastenella
650,Caridea
651,Umbellula
652,Elpidia
653,Caridea
654,Ceriantharia
655,Ceriantharia
656,Elpidia
657,Caridea
658,Umbellula
659,Terebellidae
660,Parastenella
661,Umbellula
662,Umbellula
663,Caridea
664,Terebellidae
665,Terebellidae
666,Ceriantharia
667,Elpidia
668,Ceriantharia
669,Parastenella
670,Actinopterygii
671,Actinopterygii
672,Umbellula
673,Umbellula
674,Actinopterygii
675,Umbellula
676,Parastenella
677,Caridea
678,Parastenella
679,Umbellula
680,Caridea
681,Elpidia
682,Ceriantharia
683,Elpidia
684,Ceriantharia
685,Elpidia
686,Elpidia
687,Umbellula
688,Umbellula
689,Elpidia
690,Caridea
691,Caridea
692,Acanthascinae
693,Actinopterygii
694,Ceriantharia
695,Parastenella
696,Parastenella
697,Terebellidae
698,Elpidia
699,Umbellula
700,Caridea
701,Umbellula
702,Elpidia
703,Caridea
704,Actinopterygii
705,Actinopterygii
706,Actinopterygii
707,Parastenella
708,Ceriantharia
709,Ceriantharia
710,Parastenella
711,Actinopterygii
712,Elpidia
713,Umbellula
714,Parastenella
715,Parastenella
716,Umbellula
717,Parastenella
718,Umbellula
719,Ceriantharia
720,Ceriantharia
721,Umbellula
722,Ceriantharia
723,Ceriantharia
724,Ceriantharia
725,Ceriantharia
726,Actinopterygii
727,Caridea
728,Actinopterygii
729,Ceriantharia
730,Parastenella
731,Ceriantharia
732,Ceriantharia
733,Terebellidae
734,Actinopterygii
735,Actinopterygii
736,Acanthascinae
737,Elpidia
738,Caridea
739,Ceriantharia
740,Umbellula
741,Umbellula
742,Ceriantharia
743,Umbellula
744,Ceriantharia
745,Actinopterygii
746,Actinopterygii
747,Acanthascinae
748,Actinopterygii
749,Umbellula
750,Elpidia
751,Elpidia
752,Acanthascinae
753,Caridea
754,Caridea
755,Umbellula
756,Elpidia
757,Caridea
758,Parastenella
759,Parastenella
760,Actinopterygii
761,Sebastolobus
762,Parastenella
763,Caridea
764,Caridea
765,Actinopterygii
766,Elpidia
767,Caridea
768,Caridea
769,Umbellula
770,Terebellidae
771,Umbellula
772,Caridea
773,Umbellula
774,Caridea
775,Elpidia
776,Elpidia
777,Umbellula
778,Ceriantharia
779,Terebellidae
780,Acanthascinae
781,Acanthascinae
782,Parastenella
783,Actinopterygii
784,Actinopterygii
785,Actinopterygii
786,Elpidia
787,Actinopterygii
788,Ceriantharia
