path,label
C:\Users\jake3\Desktop\CV Repo\CV-FathomNet2025\sample\data\rois\1_1.png,
C:\Users\jake3\Desktop\CV Repo\CV-FathomNet2025\sample\data\rois\2_2.png,
C:\Users\jake3\Desktop\CV Repo\CV-FathomNet2025\sample\data\rois\2_3.png,
C:\Users\jake3\Desktop\CV Repo\CV-FathomNet2025\sample\data\rois\2_4.png,
C:\Users\jake3\Desktop\CV Repo\CV-FathomNet2025\sample\data\rois\2_5.png,
C:\Users\jake3\Desktop\CV Repo\CV-FathomNet2025\sample\data\rois\2_6.png,
C:\Users\jake3\Desktop\CV Repo\CV-FathomNet2025\sample\data\rois\2_7.png,
C:\Users\jake3\Desktop\CV Repo\CV-FathomNet2025\sample\data\rois\2_8.png,
C:\Users\jake3\Desktop\CV Repo\CV-FathomNet2025\sample\data\rois\2_9.png,
C:\Users\jake3\Desktop\CV Repo\CV-FathomNet2025\sample\data\rois\2_10.png,
C:\Users\jake3\Desktop\CV Repo\CV-FathomNet2025\sample\data\rois\2_11.png,
C:\Users\jake3\Desktop\CV Repo\CV-FathomNet2025\sample\data\rois\2_12.png,
C:\Users\jake3\Desktop\CV Repo\CV-FathomNet2025\sample\data\rois\2_13.png,
C:\Users\jake3\Desktop\CV Repo\CV-FathomNet2025\sample\data\rois\2_14.png,
C:\Users\jake3\Desktop\CV Repo\CV-FathomNet2025\sample\data\rois\2_15.png,
C:\Users\jake3\Desktop\CV Repo\CV-FathomNet2025\sample\data\rois\2_16.png,
C:\Users\jake3\Desktop\CV Repo\CV-FathomNet2025\sample\data\rois\2_17.png,
C:\Users\jake3\Desktop\CV Repo\CV-FathomNet2025\sample\data\rois\2_18.png,
C:\Users\jake3\Desktop\CV Repo\CV-FathomNet2025\sample\data\rois\3_19.png,
C:\Users\jake3\Desktop\CV Repo\CV-FathomNet2025\sample\data\rois\3_20.png,
C:\Users\jake3\Desktop\CV Repo\CV-FathomNet2025\sample\data\rois\4_21.png,
C:\Users\jake3\Desktop\CV Repo\CV-FathomNet2025\sample\data\rois\5_22.png,
C:\Users\jake3\Desktop\CV Repo\CV-FathomNet2025\sample\data\rois\6_23.png,
C:\Users\jake3\Desktop\CV Repo\CV-FathomNet2025\sample\data\rois\7_24.png,
C:\Users\jake3\Desktop\CV Repo\CV-FathomNet2025\sample\data\rois\7_25.png,
C:\Users\jake3\Desktop\CV Repo\CV-FathomNet2025\sample\data\rois\7_26.png,
C:\Users\jake3\Desktop\CV Repo\CV-FathomNet2025\sample\data\rois\8_27.png,
C:\Users\jake3\Desktop\CV Repo\CV-FathomNet2025\sample\data\rois\8_28.png,
C:\Users\jake3\Desktop\CV Repo\CV-FathomNet2025\sample\data\rois\8_29.png,
C:\Users\jake3\Desktop\CV Repo\CV-FathomNet2025\sample\data\rois\8_30.png,
C:\Users\jake3\Desktop\CV Repo\CV-FathomNet2025\sample\data\rois\8_31.png,
C:\Users\jake3\Desktop\CV Repo\CV-FathomNet2025\sample\data\rois\8_32.png,
C:\Users\jake3\Desktop\CV Repo\CV-FathomNet2025\sample\data\rois\8_33.png,
C:\Users\jake3\Desktop\CV Repo\CV-FathomNet2025\sample\data\rois\8_34.png,
C:\Users\jake3\Desktop\CV Repo\CV-FathomNet2025\sample\data\rois\9_35.png,
C:\Users\jake3\Desktop\CV Repo\CV-FathomNet2025\sample\data\rois\9_36.png,
C:\Users\jake3\Desktop\CV Repo\CV-FathomNet2025\sample\data\rois\10_37.png,
C:\Users\jake3\Desktop\CV Repo\CV-FathomNet2025\sample\data\rois\10_38.png,
C:\Users\jake3\Desktop\CV Repo\CV-FathomNet2025\sample\data\rois\10_39.png,
C:\Users\jake3\Desktop\CV Repo\CV-FathomNet2025\sample\data\rois\10_40.png,
C:\Users\jake3\Desktop\CV Repo\CV-FathomNet2025\sample\data\rois\10_41.png,
C:\Users\jake3\Desktop\CV Repo\CV-FathomNet2025\sample\data\rois\10_42.png,
C:\Users\jake3\Desktop\CV Repo\CV-FathomNet2025\sample\data\rois\10_43.png,
C:\Users\jake3\Desktop\CV Repo\CV-FathomNet2025\sample\data\rois\10_44.png,
C:\Users\jake3\Desktop\CV Repo\CV-FathomNet2025\sample\data\rois\10_45.png,
C:\Users\jake3\Desktop\CV Repo\CV-FathomNet2025\sample\data\rois\10_46.png,
C:\Users\jake3\Desktop\CV Repo\CV-FathomNet2025\sample\data\rois\10_47.png,
C:\Users\jake3\Desktop\CV Repo\CV-FathomNet2025\sample\data\rois\10_48.png,
C:\Users\jake3\Desktop\CV Repo\CV-FathomNet2025\sample\data\rois\10_49.png,
C:\Users\jake3\Desktop\CV Repo\CV-FathomNet2025\sample\data\rois\10_50.png,
C:\Users\jake3\Desktop\CV Repo\CV-FathomNet2025\sample\data\rois\11_51.png,
C:\Users\jake3\Desktop\CV Repo\CV-FathomNet2025\sample\data\rois\11_52.png,
C:\Users\jake3\Desktop\CV Repo\CV-FathomNet2025\sample\data\rois\12_53.png,
C:\Users\jake3\Desktop\CV Repo\CV-FathomNet2025\sample\data\rois\12_54.png,
C:\Users\jake3\Desktop\CV Repo\CV-FathomNet2025\sample\data\rois\12_55.png,
C:\Users\jake3\Desktop\CV Repo\CV-FathomNet2025\sample\data\rois\13_56.png,
C:\Users\jake3\Desktop\CV Repo\CV-FathomNet2025\sample\data\rois\13_57.png,
C:\Users\jake3\Desktop\CV Repo\CV-FathomNet2025\sample\data\rois\13_58.png,
C:\Users\jake3\Desktop\CV Repo\CV-FathomNet2025\sample\data\rois\14_59.png,
C:\Users\jake3\Desktop\CV Repo\CV-FathomNet2025\sample\data\rois\14_60.png,
C:\Users\jake3\Desktop\CV Repo\CV-FathomNet2025\sample\data\rois\14_61.png,
C:\Users\jake3\Desktop\CV Repo\CV-FathomNet2025\sample\data\rois\14_62.png,
C:\Users\jake3\Desktop\CV Repo\CV-FathomNet2025\sample\data\rois\14_63.png,
C:\Users\jake3\Desktop\CV Repo\CV-FathomNet2025\sample\data\rois\14_64.png,
C:\Users\jake3\Desktop\CV Repo\CV-FathomNet2025\sample\data\rois\14_65.png,
C:\Users\jake3\Desktop\CV Repo\CV-FathomNet2025\sample\data\rois\15_66.png,
C:\Users\jake3\Desktop\CV Repo\CV-FathomNet2025\sample\data\rois\15_67.png,
C:\Users\jake3\Desktop\CV Repo\CV-FathomNet2025\sample\data\rois\15_68.png,
C:\Users\jake3\Desktop\CV Repo\CV-FathomNet2025\sample\data\rois\15_69.png,
C:\Users\jake3\Desktop\CV Repo\CV-FathomNet2025\sample\data\rois\15_70.png,
C:\Users\jake3\Desktop\CV Repo\CV-FathomNet2025\sample\data\rois\15_71.png,
C:\Users\jake3\Desktop\CV Repo\CV-FathomNet2025\sample\data\rois\15_72.png,
C:\Users\jake3\Desktop\CV Repo\CV-FathomNet2025\sample\data\rois\16_73.png,
C:\Users\jake3\Desktop\CV Repo\CV-FathomNet2025\sample\data\rois\16_74.png,
C:\Users\jake3\Desktop\CV Repo\CV-FathomNet2025\sample\data\rois\16_75.png,
C:\Users\jake3\Desktop\CV Repo\CV-FathomNet2025\sample\data\rois\16_76.png,
C:\Users\jake3\Desktop\CV Repo\CV-FathomNet2025\sample\data\rois\16_77.png,
C:\Users\jake3\Desktop\CV Repo\CV-FathomNet2025\sample\data\rois\16_78.png,
C:\Users\jake3\Desktop\CV Repo\CV-FathomNet2025\sample\data\rois\16_79.png,
C:\Users\jake3\Desktop\CV Repo\CV-FathomNet2025\sample\data\rois\16_80.png,
C:\Users\jake3\Desktop\CV Repo\CV-FathomNet2025\sample\data\rois\17_81.png,
C:\Users\jake3\Desktop\CV Repo\CV-FathomNet2025\sample\data\rois\17_82.png,
C:\Users\jake3\Desktop\CV Repo\CV-FathomNet2025\sample\data\rois\17_83.png,
C:\Users\jake3\Desktop\CV Repo\CV-FathomNet2025\sample\data\rois\17_84.png,
C:\Users\jake3\Desktop\CV Repo\CV-FathomNet2025\sample\data\rois\17_85.png,
C:\Users\jake3\Desktop\CV Repo\CV-FathomNet2025\sample\data\rois\17_86.png,
C:\Users\jake3\Desktop\CV Repo\CV-FathomNet2025\sample\data\rois\17_87.png,
C:\Users\jake3\Desktop\CV Repo\CV-FathomNet2025\sample\data\rois\17_88.png,
C:\Users\jake3\Desktop\CV Repo\CV-FathomNet2025\sample\data\rois\18_89.png,
C:\Users\jake3\Desktop\CV Repo\CV-FathomNet2025\sample\data\rois\19_90.png,
C:\Users\jake3\Desktop\CV Repo\CV-FathomNet2025\sample\data\rois\19_91.png,
C:\Users\jake3\Desktop\CV Repo\CV-FathomNet2025\sample\data\rois\19_92.png,
C:\Users\jake3\Desktop\CV Repo\CV-FathomNet2025\sample\data\rois\19_93.png,
C:\Users\jake3\Desktop\CV Repo\CV-FathomNet2025\sample\data\rois\19_94.png,
C:\Users\jake3\Desktop\CV Repo\CV-FathomNet2025\sample\data\rois\19_95.png,
C:\Users\jake3\Desktop\CV Repo\CV-FathomNet2025\sample\data\rois\19_96.png,
C:\Users\jake3\Desktop\CV Repo\CV-FathomNet2025\sample\data\rois\19_97.png,
C:\Users\jake3\Desktop\CV Repo\CV-FathomNet2025\sample\data\rois\19_98.png,
C:\Users\jake3\Desktop\CV Repo\CV-FathomNet2025\sample\data\rois\20_99.png,
C:\Users\jake3\Desktop\CV Repo\CV-FathomNet2025\sample\data\rois\20_100.png,
C:\Users\jake3\Desktop\CV Repo\CV-FathomNet2025\sample\data\rois\20_101.png,
C:\Users\jake3\Desktop\CV Repo\CV-FathomNet2025\sample\data\rois\20_102.png,
C:\Users\jake3\Desktop\CV Repo\CV-FathomNet2025\sample\data\rois\21_103.png,
C:\Users\jake3\Desktop\CV Repo\CV-FathomNet2025\sample\data\rois\22_104.png,
C:\Users\jake3\Desktop\CV Repo\CV-FathomNet2025\sample\data\rois\23_105.png,
C:\Users\jake3\Desktop\CV Repo\CV-FathomNet2025\sample\data\rois\23_106.png,
C:\Users\jake3\Desktop\CV Repo\CV-FathomNet2025\sample\data\rois\23_107.png,
C:\Users\jake3\Desktop\CV Repo\CV-FathomNet2025\sample\data\rois\23_108.png,
C:\Users\jake3\Desktop\CV Repo\CV-FathomNet2025\sample\data\rois\23_109.png,
C:\Users\jake3\Desktop\CV Repo\CV-FathomNet2025\sample\data\rois\23_110.png,
C:\Users\jake3\Desktop\CV Repo\CV-FathomNet2025\sample\data\rois\23_111.png,
C:\Users\jake3\Desktop\CV Repo\CV-FathomNet2025\sample\data\rois\23_112.png,
C:\Users\jake3\Desktop\CV Repo\CV-FathomNet2025\sample\data\rois\23_113.png,
C:\Users\jake3\Desktop\CV Repo\CV-FathomNet2025\sample\data\rois\23_114.png,
C:\Users\jake3\Desktop\CV Repo\CV-FathomNet2025\sample\data\rois\24_115.png,
C:\Users\jake3\Desktop\CV Repo\CV-FathomNet2025\sample\data\rois\24_116.png,
C:\Users\jake3\Desktop\CV Repo\CV-FathomNet2025\sample\data\rois\24_117.png,
C:\Users\jake3\Desktop\CV Repo\CV-FathomNet2025\sample\data\rois\24_118.png,
C:\Users\jake3\Desktop\CV Repo\CV-FathomNet2025\sample\data\rois\25_119.png,
C:\Users\jake3\Desktop\CV Repo\CV-FathomNet2025\sample\data\rois\26_120.png,
C:\Users\jake3\Desktop\CV Repo\CV-FathomNet2025\sample\data\rois\26_121.png,
C:\Users\jake3\Desktop\CV Repo\CV-FathomNet2025\sample\data\rois\27_122.png,
C:\Users\jake3\Desktop\CV Repo\CV-FathomNet2025\sample\data\rois\28_123.png,
C:\Users\jake3\Desktop\CV Repo\CV-FathomNet2025\sample\data\rois\28_124.png,
C:\Users\jake3\Desktop\CV Repo\CV-FathomNet2025\sample\data\rois\29_125.png,
C:\Users\jake3\Desktop\CV Repo\CV-FathomNet2025\sample\data\rois\30_126.png,
C:\Users\jake3\Desktop\CV Repo\CV-FathomNet2025\sample\data\rois\30_127.png,
C:\Users\jake3\Desktop\CV Repo\CV-FathomNet2025\sample\data\rois\31_128.png,
C:\Users\jake3\Desktop\CV Repo\CV-FathomNet2025\sample\data\rois\31_129.png,
C:\Users\jake3\Desktop\CV Repo\CV-FathomNet2025\sample\data\rois\31_130.png,
C:\Users\jake3\Desktop\CV Repo\CV-FathomNet2025\sample\data\rois\31_131.png,
C:\Users\jake3\Desktop\CV Repo\CV-FathomNet2025\sample\data\rois\31_132.png,
C:\Users\jake3\Desktop\CV Repo\CV-FathomNet2025\sample\data\rois\32_133.png,
C:\Users\jake3\Desktop\CV Repo\CV-FathomNet2025\sample\data\rois\33_134.png,
C:\Users\jake3\Desktop\CV Repo\CV-FathomNet2025\sample\data\rois\33_135.png,
C:\Users\jake3\Desktop\CV Repo\CV-FathomNet2025\sample\data\rois\34_136.png,
C:\Users\jake3\Desktop\CV Repo\CV-FathomNet2025\sample\data\rois\34_137.png,
C:\Users\jake3\Desktop\CV Repo\CV-FathomNet2025\sample\data\rois\34_138.png,
C:\Users\jake3\Desktop\CV Repo\CV-FathomNet2025\sample\data\rois\34_139.png,
C:\Users\jake3\Desktop\CV Repo\CV-FathomNet2025\sample\data\rois\34_140.png,
C:\Users\jake3\Desktop\CV Repo\CV-FathomNet2025\sample\data\rois\34_141.png,
C:\Users\jake3\Desktop\CV Repo\CV-FathomNet2025\sample\data\rois\34_142.png,
C:\Users\jake3\Desktop\CV Repo\CV-FathomNet2025\sample\data\rois\34_143.png,
C:\Users\jake3\Desktop\CV Repo\CV-FathomNet2025\sample\data\rois\35_144.png,
C:\Users\jake3\Desktop\CV Repo\CV-FathomNet2025\sample\data\rois\36_145.png,
C:\Users\jake3\Desktop\CV Repo\CV-FathomNet2025\sample\data\rois\36_146.png,
C:\Users\jake3\Desktop\CV Repo\CV-FathomNet2025\sample\data\rois\36_147.png,
C:\Users\jake3\Desktop\CV Repo\CV-FathomNet2025\sample\data\rois\36_148.png,
C:\Users\jake3\Desktop\CV Repo\CV-FathomNet2025\sample\data\rois\36_149.png,
C:\Users\jake3\Desktop\CV Repo\CV-FathomNet2025\sample\data\rois\37_150.png,
C:\Users\jake3\Desktop\CV Repo\CV-FathomNet2025\sample\data\rois\37_151.png,
C:\Users\jake3\Desktop\CV Repo\CV-FathomNet2025\sample\data\rois\37_152.png,
C:\Users\jake3\Desktop\CV Repo\CV-FathomNet2025\sample\data\rois\37_153.png,
C:\Users\jake3\Desktop\CV Repo\CV-FathomNet2025\sample\data\rois\37_154.png,
C:\Users\jake3\Desktop\CV Repo\CV-FathomNet2025\sample\data\rois\37_155.png,
C:\Users\jake3\Desktop\CV Repo\CV-FathomNet2025\sample\data\rois\38_156.png,
C:\Users\jake3\Desktop\CV Repo\CV-FathomNet2025\sample\data\rois\39_157.png,
C:\Users\jake3\Desktop\CV Repo\CV-FathomNet2025\sample\data\rois\39_158.png,
C:\Users\jake3\Desktop\CV Repo\CV-FathomNet2025\sample\data\rois\39_159.png,
C:\Users\jake3\Desktop\CV Repo\CV-FathomNet2025\sample\data\rois\39_160.png,
C:\Users\jake3\Desktop\CV Repo\CV-FathomNet2025\sample\data\rois\40_161.png,
C:\Users\jake3\Desktop\CV Repo\CV-FathomNet2025\sample\data\rois\40_162.png,
C:\Users\jake3\Desktop\CV Repo\CV-FathomNet2025\sample\data\rois\40_163.png,
C:\Users\jake3\Desktop\CV Repo\CV-FathomNet2025\sample\data\rois\40_164.png,
C:\Users\jake3\Desktop\CV Repo\CV-FathomNet2025\sample\data\rois\40_165.png,
C:\Users\jake3\Desktop\CV Repo\CV-FathomNet2025\sample\data\rois\40_166.png,
C:\Users\jake3\Desktop\CV Repo\CV-FathomNet2025\sample\data\rois\40_167.png,
C:\Users\jake3\Desktop\CV Repo\CV-FathomNet2025\sample\data\rois\40_168.png,
C:\Users\jake3\Desktop\CV Repo\CV-FathomNet2025\sample\data\rois\40_169.png,
C:\Users\jake3\Desktop\CV Repo\CV-FathomNet2025\sample\data\rois\40_170.png,
C:\Users\jake3\Desktop\CV Repo\CV-FathomNet2025\sample\data\rois\41_171.png,
C:\Users\jake3\Desktop\CV Repo\CV-FathomNet2025\sample\data\rois\41_172.png,
C:\Users\jake3\Desktop\CV Repo\CV-FathomNet2025\sample\data\rois\41_173.png,
C:\Users\jake3\Desktop\CV Repo\CV-FathomNet2025\sample\data\rois\42_174.png,
C:\Users\jake3\Desktop\CV Repo\CV-FathomNet2025\sample\data\rois\43_175.png,
C:\Users\jake3\Desktop\CV Repo\CV-FathomNet2025\sample\data\rois\43_176.png,
C:\Users\jake3\Desktop\CV Repo\CV-FathomNet2025\sample\data\rois\43_177.png,
C:\Users\jake3\Desktop\CV Repo\CV-FathomNet2025\sample\data\rois\43_178.png,
C:\Users\jake3\Desktop\CV Repo\CV-FathomNet2025\sample\data\rois\43_179.png,
C:\Users\jake3\Desktop\CV Repo\CV-FathomNet2025\sample\data\rois\43_180.png,
C:\Users\jake3\Desktop\CV Repo\CV-FathomNet2025\sample\data\rois\43_181.png,
C:\Users\jake3\Desktop\CV Repo\CV-FathomNet2025\sample\data\rois\43_182.png,
C:\Users\jake3\Desktop\CV Repo\CV-FathomNet2025\sample\data\rois\43_183.png,
C:\Users\jake3\Desktop\CV Repo\CV-FathomNet2025\sample\data\rois\43_184.png,
C:\Users\jake3\Desktop\CV Repo\CV-FathomNet2025\sample\data\rois\44_185.png,
C:\Users\jake3\Desktop\CV Repo\CV-FathomNet2025\sample\data\rois\45_186.png,
C:\Users\jake3\Desktop\CV Repo\CV-FathomNet2025\sample\data\rois\46_187.png,
C:\Users\jake3\Desktop\CV Repo\CV-FathomNet2025\sample\data\rois\46_188.png,
C:\Users\jake3\Desktop\CV Repo\CV-FathomNet2025\sample\data\rois\46_189.png,
C:\Users\jake3\Desktop\CV Repo\CV-FathomNet2025\sample\data\rois\46_190.png,
C:\Users\jake3\Desktop\CV Repo\CV-FathomNet2025\sample\data\rois\46_191.png,
C:\Users\jake3\Desktop\CV Repo\CV-FathomNet2025\sample\data\rois\46_192.png,
C:\Users\jake3\Desktop\CV Repo\CV-FathomNet2025\sample\data\rois\46_193.png,
C:\Users\jake3\Desktop\CV Repo\CV-FathomNet2025\sample\data\rois\46_194.png,
C:\Users\jake3\Desktop\CV Repo\CV-FathomNet2025\sample\data\rois\46_195.png,
C:\Users\jake3\Desktop\CV Repo\CV-FathomNet2025\sample\data\rois\46_196.png,
C:\Users\jake3\Desktop\CV Repo\CV-FathomNet2025\sample\data\rois\46_197.png,
C:\Users\jake3\Desktop\CV Repo\CV-FathomNet2025\sample\data\rois\46_198.png,
C:\Users\jake3\Desktop\CV Repo\CV-FathomNet2025\sample\data\rois\46_199.png,
C:\Users\jake3\Desktop\CV Repo\CV-FathomNet2025\sample\data\rois\46_200.png,
C:\Users\jake3\Desktop\CV Repo\CV-FathomNet2025\sample\data\rois\46_201.png,
C:\Users\jake3\Desktop\CV Repo\CV-FathomNet2025\sample\data\rois\46_202.png,
C:\Users\jake3\Desktop\CV Repo\CV-FathomNet2025\sample\data\rois\46_203.png,
C:\Users\jake3\Desktop\CV Repo\CV-FathomNet2025\sample\data\rois\46_204.png,
C:\Users\jake3\Desktop\CV Repo\CV-FathomNet2025\sample\data\rois\46_205.png,
C:\Users\jake3\Desktop\CV Repo\CV-FathomNet2025\sample\data\rois\46_206.png,
C:\Users\jake3\Desktop\CV Repo\CV-FathomNet2025\sample\data\rois\46_207.png,
C:\Users\jake3\Desktop\CV Repo\CV-FathomNet2025\sample\data\rois\46_208.png,
C:\Users\jake3\Desktop\CV Repo\CV-FathomNet2025\sample\data\rois\46_209.png,
C:\Users\jake3\Desktop\CV Repo\CV-FathomNet2025\sample\data\rois\47_210.png,
C:\Users\jake3\Desktop\CV Repo\CV-FathomNet2025\sample\data\rois\47_211.png,
C:\Users\jake3\Desktop\CV Repo\CV-FathomNet2025\sample\data\rois\47_212.png,
C:\Users\jake3\Desktop\CV Repo\CV-FathomNet2025\sample\data\rois\48_213.png,
C:\Users\jake3\Desktop\CV Repo\CV-FathomNet2025\sample\data\rois\48_214.png,
C:\Users\jake3\Desktop\CV Repo\CV-FathomNet2025\sample\data\rois\49_215.png,
C:\Users\jake3\Desktop\CV Repo\CV-FathomNet2025\sample\data\rois\49_216.png,
C:\Users\jake3\Desktop\CV Repo\CV-FathomNet2025\sample\data\rois\50_217.png,
C:\Users\jake3\Desktop\CV Repo\CV-FathomNet2025\sample\data\rois\50_218.png,
C:\Users\jake3\Desktop\CV Repo\CV-FathomNet2025\sample\data\rois\50_219.png,
C:\Users\jake3\Desktop\CV Repo\CV-FathomNet2025\sample\data\rois\50_220.png,
C:\Users\jake3\Desktop\CV Repo\CV-FathomNet2025\sample\data\rois\50_221.png,
C:\Users\jake3\Desktop\CV Repo\CV-FathomNet2025\sample\data\rois\51_222.png,
C:\Users\jake3\Desktop\CV Repo\CV-FathomNet2025\sample\data\rois\51_223.png,
C:\Users\jake3\Desktop\CV Repo\CV-FathomNet2025\sample\data\rois\51_224.png,
C:\Users\jake3\Desktop\CV Repo\CV-FathomNet2025\sample\data\rois\51_225.png,
C:\Users\jake3\Desktop\CV Repo\CV-FathomNet2025\sample\data\rois\51_226.png,
C:\Users\jake3\Desktop\CV Repo\CV-FathomNet2025\sample\data\rois\51_227.png,
C:\Users\jake3\Desktop\CV Repo\CV-FathomNet2025\sample\data\rois\51_228.png,
C:\Users\jake3\Desktop\CV Repo\CV-FathomNet2025\sample\data\rois\51_229.png,
C:\Users\jake3\Desktop\CV Repo\CV-FathomNet2025\sample\data\rois\51_230.png,
C:\Users\jake3\Desktop\CV Repo\CV-FathomNet2025\sample\data\rois\51_231.png,
C:\Users\jake3\Desktop\CV Repo\CV-FathomNet2025\sample\data\rois\52_232.png,
C:\Users\jake3\Desktop\CV Repo\CV-FathomNet2025\sample\data\rois\53_233.png,
C:\Users\jake3\Desktop\CV Repo\CV-FathomNet2025\sample\data\rois\54_234.png,
C:\Users\jake3\Desktop\CV Repo\CV-FathomNet2025\sample\data\rois\55_235.png,
C:\Users\jake3\Desktop\CV Repo\CV-FathomNet2025\sample\data\rois\56_236.png,
C:\Users\jake3\Desktop\CV Repo\CV-FathomNet2025\sample\data\rois\56_237.png,
C:\Users\jake3\Desktop\CV Repo\CV-FathomNet2025\sample\data\rois\57_238.png,
C:\Users\jake3\Desktop\CV Repo\CV-FathomNet2025\sample\data\rois\57_239.png,
C:\Users\jake3\Desktop\CV Repo\CV-FathomNet2025\sample\data\rois\58_240.png,
C:\Users\jake3\Desktop\CV Repo\CV-FathomNet2025\sample\data\rois\58_241.png,
C:\Users\jake3\Desktop\CV Repo\CV-FathomNet2025\sample\data\rois\59_242.png,
C:\Users\jake3\Desktop\CV Repo\CV-FathomNet2025\sample\data\rois\59_243.png,
C:\Users\jake3\Desktop\CV Repo\CV-FathomNet2025\sample\data\rois\59_244.png,
C:\Users\jake3\Desktop\CV Repo\CV-FathomNet2025\sample\data\rois\60_245.png,
C:\Users\jake3\Desktop\CV Repo\CV-FathomNet2025\sample\data\rois\61_246.png,
C:\Users\jake3\Desktop\CV Repo\CV-FathomNet2025\sample\data\rois\61_247.png,
C:\Users\jake3\Desktop\CV Repo\CV-FathomNet2025\sample\data\rois\61_248.png,
C:\Users\jake3\Desktop\CV Repo\CV-FathomNet2025\sample\data\rois\62_249.png,
C:\Users\jake3\Desktop\CV Repo\CV-FathomNet2025\sample\data\rois\62_250.png,
C:\Users\jake3\Desktop\CV Repo\CV-FathomNet2025\sample\data\rois\63_251.png,
C:\Users\jake3\Desktop\CV Repo\CV-FathomNet2025\sample\data\rois\64_252.png,
C:\Users\jake3\Desktop\CV Repo\CV-FathomNet2025\sample\data\rois\64_253.png,
C:\Users\jake3\Desktop\CV Repo\CV-FathomNet2025\sample\data\rois\65_254.png,
C:\Users\jake3\Desktop\CV Repo\CV-FathomNet2025\sample\data\rois\66_255.png,
C:\Users\jake3\Desktop\CV Repo\CV-FathomNet2025\sample\data\rois\66_256.png,
C:\Users\jake3\Desktop\CV Repo\CV-FathomNet2025\sample\data\rois\66_257.png,
C:\Users\jake3\Desktop\CV Repo\CV-FathomNet2025\sample\data\rois\66_258.png,
C:\Users\jake3\Desktop\CV Repo\CV-FathomNet2025\sample\data\rois\67_259.png,
C:\Users\jake3\Desktop\CV Repo\CV-FathomNet2025\sample\data\rois\67_260.png,
C:\Users\jake3\Desktop\CV Repo\CV-FathomNet2025\sample\data\rois\67_261.png,
C:\Users\jake3\Desktop\CV Repo\CV-FathomNet2025\sample\data\rois\67_262.png,
C:\Users\jake3\Desktop\CV Repo\CV-FathomNet2025\sample\data\rois\67_263.png,
C:\Users\jake3\Desktop\CV Repo\CV-FathomNet2025\sample\data\rois\67_264.png,
C:\Users\jake3\Desktop\CV Repo\CV-FathomNet2025\sample\data\rois\67_265.png,
C:\Users\jake3\Desktop\CV Repo\CV-FathomNet2025\sample\data\rois\68_266.png,
C:\Users\jake3\Desktop\CV Repo\CV-FathomNet2025\sample\data\rois\69_267.png,
C:\Users\jake3\Desktop\CV Repo\CV-FathomNet2025\sample\data\rois\70_268.png,
C:\Users\jake3\Desktop\CV Repo\CV-FathomNet2025\sample\data\rois\70_269.png,
C:\Users\jake3\Desktop\CV Repo\CV-FathomNet2025\sample\data\rois\70_270.png,
C:\Users\jake3\Desktop\CV Repo\CV-FathomNet2025\sample\data\rois\71_271.png,
C:\Users\jake3\Desktop\CV Repo\CV-FathomNet2025\sample\data\rois\71_272.png,
C:\Users\jake3\Desktop\CV Repo\CV-FathomNet2025\sample\data\rois\72_273.png,
C:\Users\jake3\Desktop\CV Repo\CV-FathomNet2025\sample\data\rois\73_274.png,
C:\Users\jake3\Desktop\CV Repo\CV-FathomNet2025\sample\data\rois\73_275.png,
C:\Users\jake3\Desktop\CV Repo\CV-FathomNet2025\sample\data\rois\73_276.png,
C:\Users\jake3\Desktop\CV Repo\CV-FathomNet2025\sample\data\rois\74_277.png,
C:\Users\jake3\Desktop\CV Repo\CV-FathomNet2025\sample\data\rois\74_278.png,
C:\Users\jake3\Desktop\CV Repo\CV-FathomNet2025\sample\data\rois\75_279.png,
C:\Users\jake3\Desktop\CV Repo\CV-FathomNet2025\sample\data\rois\75_280.png,
C:\Users\jake3\Desktop\CV Repo\CV-FathomNet2025\sample\data\rois\75_281.png,
C:\Users\jake3\Desktop\CV Repo\CV-FathomNet2025\sample\data\rois\75_282.png,
C:\Users\jake3\Desktop\CV Repo\CV-FathomNet2025\sample\data\rois\76_283.png,
C:\Users\jake3\Desktop\CV Repo\CV-FathomNet2025\sample\data\rois\77_284.png,
C:\Users\jake3\Desktop\CV Repo\CV-FathomNet2025\sample\data\rois\78_285.png,
C:\Users\jake3\Desktop\CV Repo\CV-FathomNet2025\sample\data\rois\78_286.png,
C:\Users\jake3\Desktop\CV Repo\CV-FathomNet2025\sample\data\rois\79_287.png,
C:\Users\jake3\Desktop\CV Repo\CV-FathomNet2025\sample\data\rois\79_288.png,
C:\Users\jake3\Desktop\CV Repo\CV-FathomNet2025\sample\data\rois\79_289.png,
C:\Users\jake3\Desktop\CV Repo\CV-FathomNet2025\sample\data\rois\80_290.png,
C:\Users\jake3\Desktop\CV Repo\CV-FathomNet2025\sample\data\rois\81_291.png,
C:\Users\jake3\Desktop\CV Repo\CV-FathomNet2025\sample\data\rois\81_292.png,
C:\Users\jake3\Desktop\CV Repo\CV-FathomNet2025\sample\data\rois\81_293.png,
C:\Users\jake3\Desktop\CV Repo\CV-FathomNet2025\sample\data\rois\82_294.png,
C:\Users\jake3\Desktop\CV Repo\CV-FathomNet2025\sample\data\rois\82_295.png,
C:\Users\jake3\Desktop\CV Repo\CV-FathomNet2025\sample\data\rois\82_296.png,
C:\Users\jake3\Desktop\CV Repo\CV-FathomNet2025\sample\data\rois\82_297.png,
C:\Users\jake3\Desktop\CV Repo\CV-FathomNet2025\sample\data\rois\82_298.png,
C:\Users\jake3\Desktop\CV Repo\CV-FathomNet2025\sample\data\rois\82_299.png,
C:\Users\jake3\Desktop\CV Repo\CV-FathomNet2025\sample\data\rois\83_300.png,
C:\Users\jake3\Desktop\CV Repo\CV-FathomNet2025\sample\data\rois\84_301.png,
C:\Users\jake3\Desktop\CV Repo\CV-FathomNet2025\sample\data\rois\84_302.png,
C:\Users\jake3\Desktop\CV Repo\CV-FathomNet2025\sample\data\rois\84_303.png,
C:\Users\jake3\Desktop\CV Repo\CV-FathomNet2025\sample\data\rois\84_304.png,
C:\Users\jake3\Desktop\CV Repo\CV-FathomNet2025\sample\data\rois\85_305.png,
C:\Users\jake3\Desktop\CV Repo\CV-FathomNet2025\sample\data\rois\86_306.png,
C:\Users\jake3\Desktop\CV Repo\CV-FathomNet2025\sample\data\rois\86_307.png,
C:\Users\jake3\Desktop\CV Repo\CV-FathomNet2025\sample\data\rois\86_308.png,
C:\Users\jake3\Desktop\CV Repo\CV-FathomNet2025\sample\data\rois\86_309.png,
C:\Users\jake3\Desktop\CV Repo\CV-FathomNet2025\sample\data\rois\86_310.png,
C:\Users\jake3\Desktop\CV Repo\CV-FathomNet2025\sample\data\rois\87_311.png,
C:\Users\jake3\Desktop\CV Repo\CV-FathomNet2025\sample\data\rois\88_312.png,
C:\Users\jake3\Desktop\CV Repo\CV-FathomNet2025\sample\data\rois\89_313.png,
C:\Users\jake3\Desktop\CV Repo\CV-FathomNet2025\sample\data\rois\90_314.png,
C:\Users\jake3\Desktop\CV Repo\CV-FathomNet2025\sample\data\rois\90_315.png,
C:\Users\jake3\Desktop\CV Repo\CV-FathomNet2025\sample\data\rois\91_316.png,
C:\Users\jake3\Desktop\CV Repo\CV-FathomNet2025\sample\data\rois\92_317.png,
C:\Users\jake3\Desktop\CV Repo\CV-FathomNet2025\sample\data\rois\92_318.png,
C:\Users\jake3\Desktop\CV Repo\CV-FathomNet2025\sample\data\rois\93_319.png,
C:\Users\jake3\Desktop\CV Repo\CV-FathomNet2025\sample\data\rois\93_320.png,
C:\Users\jake3\Desktop\CV Repo\CV-FathomNet2025\sample\data\rois\93_321.png,
C:\Users\jake3\Desktop\CV Repo\CV-FathomNet2025\sample\data\rois\93_322.png,
C:\Users\jake3\Desktop\CV Repo\CV-FathomNet2025\sample\data\rois\93_323.png,
C:\Users\jake3\Desktop\CV Repo\CV-FathomNet2025\sample\data\rois\93_324.png,
C:\Users\jake3\Desktop\CV Repo\CV-FathomNet2025\sample\data\rois\93_325.png,
C:\Users\jake3\Desktop\CV Repo\CV-FathomNet2025\sample\data\rois\93_326.png,
C:\Users\jake3\Desktop\CV Repo\CV-FathomNet2025\sample\data\rois\93_327.png,
C:\Users\jake3\Desktop\CV Repo\CV-FathomNet2025\sample\data\rois\93_328.png,
C:\Users\jake3\Desktop\CV Repo\CV-FathomNet2025\sample\data\rois\94_329.png,
C:\Users\jake3\Desktop\CV Repo\CV-FathomNet2025\sample\data\rois\94_330.png,
C:\Users\jake3\Desktop\CV Repo\CV-FathomNet2025\sample\data\rois\94_331.png,
C:\Users\jake3\Desktop\CV Repo\CV-FathomNet2025\sample\data\rois\95_332.png,
C:\Users\jake3\Desktop\CV Repo\CV-FathomNet2025\sample\data\rois\95_333.png,
C:\Users\jake3\Desktop\CV Repo\CV-FathomNet2025\sample\data\rois\96_334.png,
C:\Users\jake3\Desktop\CV Repo\CV-FathomNet2025\sample\data\rois\96_335.png,
C:\Users\jake3\Desktop\CV Repo\CV-FathomNet2025\sample\data\rois\97_336.png,
C:\Users\jake3\Desktop\CV Repo\CV-FathomNet2025\sample\data\rois\97_337.png,
C:\Users\jake3\Desktop\CV Repo\CV-FathomNet2025\sample\data\rois\98_338.png,
C:\Users\jake3\Desktop\CV Repo\CV-FathomNet2025\sample\data\rois\99_339.png,
C:\Users\jake3\Desktop\CV Repo\CV-FathomNet2025\sample\data\rois\99_340.png,
C:\Users\jake3\Desktop\CV Repo\CV-FathomNet2025\sample\data\rois\100_341.png,
C:\Users\jake3\Desktop\CV Repo\CV-FathomNet2025\sample\data\rois\100_342.png,
C:\Users\jake3\Desktop\CV Repo\CV-FathomNet2025\sample\data\rois\101_343.png,
C:\Users\jake3\Desktop\CV Repo\CV-FathomNet2025\sample\data\rois\102_344.png,
C:\Users\jake3\Desktop\CV Repo\CV-FathomNet2025\sample\data\rois\102_345.png,
C:\Users\jake3\Desktop\CV Repo\CV-FathomNet2025\sample\data\rois\102_346.png,
C:\Users\jake3\Desktop\CV Repo\CV-FathomNet2025\sample\data\rois\102_347.png,
C:\Users\jake3\Desktop\CV Repo\CV-FathomNet2025\sample\data\rois\102_348.png,
C:\Users\jake3\Desktop\CV Repo\CV-FathomNet2025\sample\data\rois\102_349.png,
C:\Users\jake3\Desktop\CV Repo\CV-FathomNet2025\sample\data\rois\103_350.png,
C:\Users\jake3\Desktop\CV Repo\CV-FathomNet2025\sample\data\rois\103_351.png,
C:\Users\jake3\Desktop\CV Repo\CV-FathomNet2025\sample\data\rois\104_352.png,
C:\Users\jake3\Desktop\CV Repo\CV-FathomNet2025\sample\data\rois\104_353.png,
C:\Users\jake3\Desktop\CV Repo\CV-FathomNet2025\sample\data\rois\105_354.png,
C:\Users\jake3\Desktop\CV Repo\CV-FathomNet2025\sample\data\rois\105_355.png,
C:\Users\jake3\Desktop\CV Repo\CV-FathomNet2025\sample\data\rois\105_356.png,
C:\Users\jake3\Desktop\CV Repo\CV-FathomNet2025\sample\data\rois\105_357.png,
C:\Users\jake3\Desktop\CV Repo\CV-FathomNet2025\sample\data\rois\105_358.png,
C:\Users\jake3\Desktop\CV Repo\CV-FathomNet2025\sample\data\rois\106_359.png,
C:\Users\jake3\Desktop\CV Repo\CV-FathomNet2025\sample\data\rois\106_360.png,
C:\Users\jake3\Desktop\CV Repo\CV-FathomNet2025\sample\data\rois\107_361.png,
C:\Users\jake3\Desktop\CV Repo\CV-FathomNet2025\sample\data\rois\107_362.png,
C:\Users\jake3\Desktop\CV Repo\CV-FathomNet2025\sample\data\rois\108_363.png,
C:\Users\jake3\Desktop\CV Repo\CV-FathomNet2025\sample\data\rois\108_364.png,
C:\Users\jake3\Desktop\CV Repo\CV-FathomNet2025\sample\data\rois\108_365.png,
C:\Users\jake3\Desktop\CV Repo\CV-FathomNet2025\sample\data\rois\108_366.png,
C:\Users\jake3\Desktop\CV Repo\CV-FathomNet2025\sample\data\rois\108_367.png,
C:\Users\jake3\Desktop\CV Repo\CV-FathomNet2025\sample\data\rois\108_368.png,
C:\Users\jake3\Desktop\CV Repo\CV-FathomNet2025\sample\data\rois\109_369.png,
C:\Users\jake3\Desktop\CV Repo\CV-FathomNet2025\sample\data\rois\109_370.png,
C:\Users\jake3\Desktop\CV Repo\CV-FathomNet2025\sample\data\rois\109_371.png,
C:\Users\jake3\Desktop\CV Repo\CV-FathomNet2025\sample\data\rois\109_372.png,
C:\Users\jake3\Desktop\CV Repo\CV-FathomNet2025\sample\data\rois\110_373.png,
C:\Users\jake3\Desktop\CV Repo\CV-FathomNet2025\sample\data\rois\111_374.png,
C:\Users\jake3\Desktop\CV Repo\CV-FathomNet2025\sample\data\rois\112_375.png,
C:\Users\jake3\Desktop\CV Repo\CV-FathomNet2025\sample\data\rois\113_376.png,
C:\Users\jake3\Desktop\CV Repo\CV-FathomNet2025\sample\data\rois\113_377.png,
C:\Users\jake3\Desktop\CV Repo\CV-FathomNet2025\sample\data\rois\113_378.png,
C:\Users\jake3\Desktop\CV Repo\CV-FathomNet2025\sample\data\rois\113_379.png,
C:\Users\jake3\Desktop\CV Repo\CV-FathomNet2025\sample\data\rois\113_380.png,
C:\Users\jake3\Desktop\CV Repo\CV-FathomNet2025\sample\data\rois\113_381.png,
C:\Users\jake3\Desktop\CV Repo\CV-FathomNet2025\sample\data\rois\113_382.png,
C:\Users\jake3\Desktop\CV Repo\CV-FathomNet2025\sample\data\rois\113_383.png,
C:\Users\jake3\Desktop\CV Repo\CV-FathomNet2025\sample\data\rois\113_384.png,
C:\Users\jake3\Desktop\CV Repo\CV-FathomNet2025\sample\data\rois\114_385.png,
C:\Users\jake3\Desktop\CV Repo\CV-FathomNet2025\sample\data\rois\114_386.png,
C:\Users\jake3\Desktop\CV Repo\CV-FathomNet2025\sample\data\rois\114_387.png,
C:\Users\jake3\Desktop\CV Repo\CV-FathomNet2025\sample\data\rois\115_388.png,
C:\Users\jake3\Desktop\CV Repo\CV-FathomNet2025\sample\data\rois\116_389.png,
C:\Users\jake3\Desktop\CV Repo\CV-FathomNet2025\sample\data\rois\116_390.png,
C:\Users\jake3\Desktop\CV Repo\CV-FathomNet2025\sample\data\rois\117_391.png,
C:\Users\jake3\Desktop\CV Repo\CV-FathomNet2025\sample\data\rois\118_392.png,
C:\Users\jake3\Desktop\CV Repo\CV-FathomNet2025\sample\data\rois\119_393.png,
C:\Users\jake3\Desktop\CV Repo\CV-FathomNet2025\sample\data\rois\120_394.png,
C:\Users\jake3\Desktop\CV Repo\CV-FathomNet2025\sample\data\rois\120_395.png,
C:\Users\jake3\Desktop\CV Repo\CV-FathomNet2025\sample\data\rois\120_396.png,
C:\Users\jake3\Desktop\CV Repo\CV-FathomNet2025\sample\data\rois\121_397.png,
C:\Users\jake3\Desktop\CV Repo\CV-FathomNet2025\sample\data\rois\122_398.png,
C:\Users\jake3\Desktop\CV Repo\CV-FathomNet2025\sample\data\rois\123_399.png,
C:\Users\jake3\Desktop\CV Repo\CV-FathomNet2025\sample\data\rois\123_400.png,
C:\Users\jake3\Desktop\CV Repo\CV-FathomNet2025\sample\data\rois\124_401.png,
C:\Users\jake3\Desktop\CV Repo\CV-FathomNet2025\sample\data\rois\124_402.png,
C:\Users\jake3\Desktop\CV Repo\CV-FathomNet2025\sample\data\rois\125_403.png,
C:\Users\jake3\Desktop\CV Repo\CV-FathomNet2025\sample\data\rois\126_404.png,
C:\Users\jake3\Desktop\CV Repo\CV-FathomNet2025\sample\data\rois\127_405.png,
C:\Users\jake3\Desktop\CV Repo\CV-FathomNet2025\sample\data\rois\128_406.png,
C:\Users\jake3\Desktop\CV Repo\CV-FathomNet2025\sample\data\rois\128_407.png,
C:\Users\jake3\Desktop\CV Repo\CV-FathomNet2025\sample\data\rois\129_408.png,
C:\Users\jake3\Desktop\CV Repo\CV-FathomNet2025\sample\data\rois\130_409.png,
C:\Users\jake3\Desktop\CV Repo\CV-FathomNet2025\sample\data\rois\130_410.png,
C:\Users\jake3\Desktop\CV Repo\CV-FathomNet2025\sample\data\rois\130_411.png,
C:\Users\jake3\Desktop\CV Repo\CV-FathomNet2025\sample\data\rois\130_412.png,
C:\Users\jake3\Desktop\CV Repo\CV-FathomNet2025\sample\data\rois\131_413.png,
C:\Users\jake3\Desktop\CV Repo\CV-FathomNet2025\sample\data\rois\131_414.png,
C:\Users\jake3\Desktop\CV Repo\CV-FathomNet2025\sample\data\rois\132_415.png,
C:\Users\jake3\Desktop\CV Repo\CV-FathomNet2025\sample\data\rois\132_416.png,
C:\Users\jake3\Desktop\CV Repo\CV-FathomNet2025\sample\data\rois\132_417.png,
C:\Users\jake3\Desktop\CV Repo\CV-FathomNet2025\sample\data\rois\133_418.png,
C:\Users\jake3\Desktop\CV Repo\CV-FathomNet2025\sample\data\rois\134_419.png,
C:\Users\jake3\Desktop\CV Repo\CV-FathomNet2025\sample\data\rois\135_420.png,
C:\Users\jake3\Desktop\CV Repo\CV-FathomNet2025\sample\data\rois\136_421.png,
C:\Users\jake3\Desktop\CV Repo\CV-FathomNet2025\sample\data\rois\136_422.png,
C:\Users\jake3\Desktop\CV Repo\CV-FathomNet2025\sample\data\rois\137_423.png,
C:\Users\jake3\Desktop\CV Repo\CV-FathomNet2025\sample\data\rois\137_424.png,
C:\Users\jake3\Desktop\CV Repo\CV-FathomNet2025\sample\data\rois\138_425.png,
C:\Users\jake3\Desktop\CV Repo\CV-FathomNet2025\sample\data\rois\139_426.png,
C:\Users\jake3\Desktop\CV Repo\CV-FathomNet2025\sample\data\rois\139_427.png,
C:\Users\jake3\Desktop\CV Repo\CV-FathomNet2025\sample\data\rois\139_428.png,
C:\Users\jake3\Desktop\CV Repo\CV-FathomNet2025\sample\data\rois\140_429.png,
C:\Users\jake3\Desktop\CV Repo\CV-FathomNet2025\sample\data\rois\140_430.png,
C:\Users\jake3\Desktop\CV Repo\CV-FathomNet2025\sample\data\rois\141_431.png,
C:\Users\jake3\Desktop\CV Repo\CV-FathomNet2025\sample\data\rois\141_432.png,
C:\Users\jake3\Desktop\CV Repo\CV-FathomNet2025\sample\data\rois\142_433.png,
C:\Users\jake3\Desktop\CV Repo\CV-FathomNet2025\sample\data\rois\142_434.png,
C:\Users\jake3\Desktop\CV Repo\CV-FathomNet2025\sample\data\rois\142_435.png,
C:\Users\jake3\Desktop\CV Repo\CV-FathomNet2025\sample\data\rois\143_436.png,
C:\Users\jake3\Desktop\CV Repo\CV-FathomNet2025\sample\data\rois\143_437.png,
C:\Users\jake3\Desktop\CV Repo\CV-FathomNet2025\sample\data\rois\143_438.png,
C:\Users\jake3\Desktop\CV Repo\CV-FathomNet2025\sample\data\rois\143_439.png,
C:\Users\jake3\Desktop\CV Repo\CV-FathomNet2025\sample\data\rois\143_440.png,
C:\Users\jake3\Desktop\CV Repo\CV-FathomNet2025\sample\data\rois\143_441.png,
C:\Users\jake3\Desktop\CV Repo\CV-FathomNet2025\sample\data\rois\143_442.png,
C:\Users\jake3\Desktop\CV Repo\CV-FathomNet2025\sample\data\rois\143_443.png,
C:\Users\jake3\Desktop\CV Repo\CV-FathomNet2025\sample\data\rois\143_444.png,
C:\Users\jake3\Desktop\CV Repo\CV-FathomNet2025\sample\data\rois\144_445.png,
C:\Users\jake3\Desktop\CV Repo\CV-FathomNet2025\sample\data\rois\145_446.png,
C:\Users\jake3\Desktop\CV Repo\CV-FathomNet2025\sample\data\rois\146_447.png,
C:\Users\jake3\Desktop\CV Repo\CV-FathomNet2025\sample\data\rois\146_448.png,
C:\Users\jake3\Desktop\CV Repo\CV-FathomNet2025\sample\data\rois\147_449.png,
C:\Users\jake3\Desktop\CV Repo\CV-FathomNet2025\sample\data\rois\148_450.png,
C:\Users\jake3\Desktop\CV Repo\CV-FathomNet2025\sample\data\rois\148_451.png,
C:\Users\jake3\Desktop\CV Repo\CV-FathomNet2025\sample\data\rois\148_452.png,
C:\Users\jake3\Desktop\CV Repo\CV-FathomNet2025\sample\data\rois\149_453.png,
C:\Users\jake3\Desktop\CV Repo\CV-FathomNet2025\sample\data\rois\150_454.png,
C:\Users\jake3\Desktop\CV Repo\CV-FathomNet2025\sample\data\rois\151_455.png,
C:\Users\jake3\Desktop\CV Repo\CV-FathomNet2025\sample\data\rois\151_456.png,
C:\Users\jake3\Desktop\CV Repo\CV-FathomNet2025\sample\data\rois\151_457.png,
C:\Users\jake3\Desktop\CV Repo\CV-FathomNet2025\sample\data\rois\151_458.png,
C:\Users\jake3\Desktop\CV Repo\CV-FathomNet2025\sample\data\rois\152_459.png,
C:\Users\jake3\Desktop\CV Repo\CV-FathomNet2025\sample\data\rois\152_460.png,
C:\Users\jake3\Desktop\CV Repo\CV-FathomNet2025\sample\data\rois\152_461.png,
C:\Users\jake3\Desktop\CV Repo\CV-FathomNet2025\sample\data\rois\153_462.png,
C:\Users\jake3\Desktop\CV Repo\CV-FathomNet2025\sample\data\rois\154_463.png,
C:\Users\jake3\Desktop\CV Repo\CV-FathomNet2025\sample\data\rois\154_464.png,
C:\Users\jake3\Desktop\CV Repo\CV-FathomNet2025\sample\data\rois\154_465.png,
C:\Users\jake3\Desktop\CV Repo\CV-FathomNet2025\sample\data\rois\155_466.png,
C:\Users\jake3\Desktop\CV Repo\CV-FathomNet2025\sample\data\rois\155_467.png,
C:\Users\jake3\Desktop\CV Repo\CV-FathomNet2025\sample\data\rois\155_468.png,
C:\Users\jake3\Desktop\CV Repo\CV-FathomNet2025\sample\data\rois\156_469.png,
C:\Users\jake3\Desktop\CV Repo\CV-FathomNet2025\sample\data\rois\157_470.png,
C:\Users\jake3\Desktop\CV Repo\CV-FathomNet2025\sample\data\rois\158_471.png,
C:\Users\jake3\Desktop\CV Repo\CV-FathomNet2025\sample\data\rois\159_472.png,
C:\Users\jake3\Desktop\CV Repo\CV-FathomNet2025\sample\data\rois\160_473.png,
C:\Users\jake3\Desktop\CV Repo\CV-FathomNet2025\sample\data\rois\161_474.png,
C:\Users\jake3\Desktop\CV Repo\CV-FathomNet2025\sample\data\rois\162_475.png,
C:\Users\jake3\Desktop\CV Repo\CV-FathomNet2025\sample\data\rois\163_476.png,
C:\Users\jake3\Desktop\CV Repo\CV-FathomNet2025\sample\data\rois\164_477.png,
C:\Users\jake3\Desktop\CV Repo\CV-FathomNet2025\sample\data\rois\165_478.png,
C:\Users\jake3\Desktop\CV Repo\CV-FathomNet2025\sample\data\rois\165_479.png,
C:\Users\jake3\Desktop\CV Repo\CV-FathomNet2025\sample\data\rois\165_480.png,
C:\Users\jake3\Desktop\CV Repo\CV-FathomNet2025\sample\data\rois\165_481.png,
C:\Users\jake3\Desktop\CV Repo\CV-FathomNet2025\sample\data\rois\165_482.png,
C:\Users\jake3\Desktop\CV Repo\CV-FathomNet2025\sample\data\rois\165_483.png,
C:\Users\jake3\Desktop\CV Repo\CV-FathomNet2025\sample\data\rois\165_484.png,
C:\Users\jake3\Desktop\CV Repo\CV-FathomNet2025\sample\data\rois\165_485.png,
C:\Users\jake3\Desktop\CV Repo\CV-FathomNet2025\sample\data\rois\165_486.png,
C:\Users\jake3\Desktop\CV Repo\CV-FathomNet2025\sample\data\rois\165_487.png,
C:\Users\jake3\Desktop\CV Repo\CV-FathomNet2025\sample\data\rois\166_488.png,
C:\Users\jake3\Desktop\CV Repo\CV-FathomNet2025\sample\data\rois\166_489.png,
C:\Users\jake3\Desktop\CV Repo\CV-FathomNet2025\sample\data\rois\166_490.png,
C:\Users\jake3\Desktop\CV Repo\CV-FathomNet2025\sample\data\rois\166_491.png,
C:\Users\jake3\Desktop\CV Repo\CV-FathomNet2025\sample\data\rois\166_492.png,
C:\Users\jake3\Desktop\CV Repo\CV-FathomNet2025\sample\data\rois\166_493.png,
C:\Users\jake3\Desktop\CV Repo\CV-FathomNet2025\sample\data\rois\166_494.png,
C:\Users\jake3\Desktop\CV Repo\CV-FathomNet2025\sample\data\rois\166_495.png,
C:\Users\jake3\Desktop\CV Repo\CV-FathomNet2025\sample\data\rois\167_496.png,
C:\Users\jake3\Desktop\CV Repo\CV-FathomNet2025\sample\data\rois\167_497.png,
C:\Users\jake3\Desktop\CV Repo\CV-FathomNet2025\sample\data\rois\168_498.png,
C:\Users\jake3\Desktop\CV Repo\CV-FathomNet2025\sample\data\rois\168_499.png,
C:\Users\jake3\Desktop\CV Repo\CV-FathomNet2025\sample\data\rois\168_500.png,
C:\Users\jake3\Desktop\CV Repo\CV-FathomNet2025\sample\data\rois\169_501.png,
C:\Users\jake3\Desktop\CV Repo\CV-FathomNet2025\sample\data\rois\170_502.png,
C:\Users\jake3\Desktop\CV Repo\CV-FathomNet2025\sample\data\rois\170_503.png,
C:\Users\jake3\Desktop\CV Repo\CV-FathomNet2025\sample\data\rois\170_504.png,
C:\Users\jake3\Desktop\CV Repo\CV-FathomNet2025\sample\data\rois\171_505.png,
C:\Users\jake3\Desktop\CV Repo\CV-FathomNet2025\sample\data\rois\171_506.png,
C:\Users\jake3\Desktop\CV Repo\CV-FathomNet2025\sample\data\rois\172_507.png,
C:\Users\jake3\Desktop\CV Repo\CV-FathomNet2025\sample\data\rois\173_508.png,
C:\Users\jake3\Desktop\CV Repo\CV-FathomNet2025\sample\data\rois\173_509.png,
C:\Users\jake3\Desktop\CV Repo\CV-FathomNet2025\sample\data\rois\174_510.png,
C:\Users\jake3\Desktop\CV Repo\CV-FathomNet2025\sample\data\rois\175_511.png,
C:\Users\jake3\Desktop\CV Repo\CV-FathomNet2025\sample\data\rois\176_512.png,
C:\Users\jake3\Desktop\CV Repo\CV-FathomNet2025\sample\data\rois\176_513.png,
C:\Users\jake3\Desktop\CV Repo\CV-FathomNet2025\sample\data\rois\176_514.png,
C:\Users\jake3\Desktop\CV Repo\CV-FathomNet2025\sample\data\rois\176_515.png,
C:\Users\jake3\Desktop\CV Repo\CV-FathomNet2025\sample\data\rois\177_516.png,
C:\Users\jake3\Desktop\CV Repo\CV-FathomNet2025\sample\data\rois\178_517.png,
C:\Users\jake3\Desktop\CV Repo\CV-FathomNet2025\sample\data\rois\179_518.png,
C:\Users\jake3\Desktop\CV Repo\CV-FathomNet2025\sample\data\rois\179_519.png,
C:\Users\jake3\Desktop\CV Repo\CV-FathomNet2025\sample\data\rois\180_520.png,
C:\Users\jake3\Desktop\CV Repo\CV-FathomNet2025\sample\data\rois\181_521.png,
C:\Users\jake3\Desktop\CV Repo\CV-FathomNet2025\sample\data\rois\181_522.png,
C:\Users\jake3\Desktop\CV Repo\CV-FathomNet2025\sample\data\rois\181_523.png,
C:\Users\jake3\Desktop\CV Repo\CV-FathomNet2025\sample\data\rois\182_524.png,
C:\Users\jake3\Desktop\CV Repo\CV-FathomNet2025\sample\data\rois\183_525.png,
C:\Users\jake3\Desktop\CV Repo\CV-FathomNet2025\sample\data\rois\184_526.png,
C:\Users\jake3\Desktop\CV Repo\CV-FathomNet2025\sample\data\rois\185_527.png,
C:\Users\jake3\Desktop\CV Repo\CV-FathomNet2025\sample\data\rois\186_528.png,
C:\Users\jake3\Desktop\CV Repo\CV-FathomNet2025\sample\data\rois\186_529.png,
C:\Users\jake3\Desktop\CV Repo\CV-FathomNet2025\sample\data\rois\186_530.png,
C:\Users\jake3\Desktop\CV Repo\CV-FathomNet2025\sample\data\rois\186_531.png,
C:\Users\jake3\Desktop\CV Repo\CV-FathomNet2025\sample\data\rois\187_532.png,
C:\Users\jake3\Desktop\CV Repo\CV-FathomNet2025\sample\data\rois\187_533.png,
C:\Users\jake3\Desktop\CV Repo\CV-FathomNet2025\sample\data\rois\188_534.png,
C:\Users\jake3\Desktop\CV Repo\CV-FathomNet2025\sample\data\rois\189_535.png,
C:\Users\jake3\Desktop\CV Repo\CV-FathomNet2025\sample\data\rois\189_536.png,
C:\Users\jake3\Desktop\CV Repo\CV-FathomNet2025\sample\data\rois\189_537.png,
C:\Users\jake3\Desktop\CV Repo\CV-FathomNet2025\sample\data\rois\190_538.png,
C:\Users\jake3\Desktop\CV Repo\CV-FathomNet2025\sample\data\rois\191_539.png,
C:\Users\jake3\Desktop\CV Repo\CV-FathomNet2025\sample\data\rois\192_540.png,
C:\Users\jake3\Desktop\CV Repo\CV-FathomNet2025\sample\data\rois\193_541.png,
C:\Users\jake3\Desktop\CV Repo\CV-FathomNet2025\sample\data\rois\193_542.png,
C:\Users\jake3\Desktop\CV Repo\CV-FathomNet2025\sample\data\rois\194_543.png,
C:\Users\jake3\Desktop\CV Repo\CV-FathomNet2025\sample\data\rois\194_544.png,
C:\Users\jake3\Desktop\CV Repo\CV-FathomNet2025\sample\data\rois\194_545.png,
C:\Users\jake3\Desktop\CV Repo\CV-FathomNet2025\sample\data\rois\195_546.png,
C:\Users\jake3\Desktop\CV Repo\CV-FathomNet2025\sample\data\rois\196_547.png,
C:\Users\jake3\Desktop\CV Repo\CV-FathomNet2025\sample\data\rois\197_548.png,
C:\Users\jake3\Desktop\CV Repo\CV-FathomNet2025\sample\data\rois\198_549.png,
C:\Users\jake3\Desktop\CV Repo\CV-FathomNet2025\sample\data\rois\198_550.png,
C:\Users\jake3\Desktop\CV Repo\CV-FathomNet2025\sample\data\rois\198_551.png,
C:\Users\jake3\Desktop\CV Repo\CV-FathomNet2025\sample\data\rois\198_552.png,
C:\Users\jake3\Desktop\CV Repo\CV-FathomNet2025\sample\data\rois\199_553.png,
C:\Users\jake3\Desktop\CV Repo\CV-FathomNet2025\sample\data\rois\199_554.png,
C:\Users\jake3\Desktop\CV Repo\CV-FathomNet2025\sample\data\rois\199_555.png,
C:\Users\jake3\Desktop\CV Repo\CV-FathomNet2025\sample\data\rois\200_556.png,
C:\Users\jake3\Desktop\CV Repo\CV-FathomNet2025\sample\data\rois\200_557.png,
C:\Users\jake3\Desktop\CV Repo\CV-FathomNet2025\sample\data\rois\200_558.png,
C:\Users\jake3\Desktop\CV Repo\CV-FathomNet2025\sample\data\rois\201_559.png,
C:\Users\jake3\Desktop\CV Repo\CV-FathomNet2025\sample\data\rois\202_560.png,
C:\Users\jake3\Desktop\CV Repo\CV-FathomNet2025\sample\data\rois\203_561.png,
C:\Users\jake3\Desktop\CV Repo\CV-FathomNet2025\sample\data\rois\204_562.png,
C:\Users\jake3\Desktop\CV Repo\CV-FathomNet2025\sample\data\rois\205_563.png,
C:\Users\jake3\Desktop\CV Repo\CV-FathomNet2025\sample\data\rois\205_564.png,
C:\Users\jake3\Desktop\CV Repo\CV-FathomNet2025\sample\data\rois\205_565.png,
C:\Users\jake3\Desktop\CV Repo\CV-FathomNet2025\sample\data\rois\205_566.png,
C:\Users\jake3\Desktop\CV Repo\CV-FathomNet2025\sample\data\rois\205_567.png,
C:\Users\jake3\Desktop\CV Repo\CV-FathomNet2025\sample\data\rois\206_568.png,
C:\Users\jake3\Desktop\CV Repo\CV-FathomNet2025\sample\data\rois\206_569.png,
C:\Users\jake3\Desktop\CV Repo\CV-FathomNet2025\sample\data\rois\206_570.png,
C:\Users\jake3\Desktop\CV Repo\CV-FathomNet2025\sample\data\rois\206_571.png,
C:\Users\jake3\Desktop\CV Repo\CV-FathomNet2025\sample\data\rois\206_572.png,
C:\Users\jake3\Desktop\CV Repo\CV-FathomNet2025\sample\data\rois\207_573.png,
C:\Users\jake3\Desktop\CV Repo\CV-FathomNet2025\sample\data\rois\208_574.png,
C:\Users\jake3\Desktop\CV Repo\CV-FathomNet2025\sample\data\rois\209_575.png,
C:\Users\jake3\Desktop\CV Repo\CV-FathomNet2025\sample\data\rois\209_576.png,
C:\Users\jake3\Desktop\CV Repo\CV-FathomNet2025\sample\data\rois\210_577.png,
C:\Users\jake3\Desktop\CV Repo\CV-FathomNet2025\sample\data\rois\211_578.png,
C:\Users\jake3\Desktop\CV Repo\CV-FathomNet2025\sample\data\rois\212_579.png,
C:\Users\jake3\Desktop\CV Repo\CV-FathomNet2025\sample\data\rois\213_580.png,
C:\Users\jake3\Desktop\CV Repo\CV-FathomNet2025\sample\data\rois\214_581.png,
C:\Users\jake3\Desktop\CV Repo\CV-FathomNet2025\sample\data\rois\214_582.png,
C:\Users\jake3\Desktop\CV Repo\CV-FathomNet2025\sample\data\rois\214_583.png,
C:\Users\jake3\Desktop\CV Repo\CV-FathomNet2025\sample\data\rois\215_584.png,
C:\Users\jake3\Desktop\CV Repo\CV-FathomNet2025\sample\data\rois\216_585.png,
C:\Users\jake3\Desktop\CV Repo\CV-FathomNet2025\sample\data\rois\217_586.png,
C:\Users\jake3\Desktop\CV Repo\CV-FathomNet2025\sample\data\rois\218_587.png,
C:\Users\jake3\Desktop\CV Repo\CV-FathomNet2025\sample\data\rois\218_588.png,
C:\Users\jake3\Desktop\CV Repo\CV-FathomNet2025\sample\data\rois\218_589.png,
C:\Users\jake3\Desktop\CV Repo\CV-FathomNet2025\sample\data\rois\218_590.png,
C:\Users\jake3\Desktop\CV Repo\CV-FathomNet2025\sample\data\rois\218_591.png,
C:\Users\jake3\Desktop\CV Repo\CV-FathomNet2025\sample\data\rois\219_592.png,
C:\Users\jake3\Desktop\CV Repo\CV-FathomNet2025\sample\data\rois\220_593.png,
C:\Users\jake3\Desktop\CV Repo\CV-FathomNet2025\sample\data\rois\220_594.png,
C:\Users\jake3\Desktop\CV Repo\CV-FathomNet2025\sample\data\rois\221_595.png,
C:\Users\jake3\Desktop\CV Repo\CV-FathomNet2025\sample\data\rois\222_596.png,
C:\Users\jake3\Desktop\CV Repo\CV-FathomNet2025\sample\data\rois\222_597.png,
C:\Users\jake3\Desktop\CV Repo\CV-FathomNet2025\sample\data\rois\222_598.png,
C:\Users\jake3\Desktop\CV Repo\CV-FathomNet2025\sample\data\rois\223_599.png,
C:\Users\jake3\Desktop\CV Repo\CV-FathomNet2025\sample\data\rois\224_600.png,
C:\Users\jake3\Desktop\CV Repo\CV-FathomNet2025\sample\data\rois\225_601.png,
C:\Users\jake3\Desktop\CV Repo\CV-FathomNet2025\sample\data\rois\225_602.png,
C:\Users\jake3\Desktop\CV Repo\CV-FathomNet2025\sample\data\rois\226_603.png,
C:\Users\jake3\Desktop\CV Repo\CV-FathomNet2025\sample\data\rois\227_604.png,
C:\Users\jake3\Desktop\CV Repo\CV-FathomNet2025\sample\data\rois\227_605.png,
C:\Users\jake3\Desktop\CV Repo\CV-FathomNet2025\sample\data\rois\228_606.png,
C:\Users\jake3\Desktop\CV Repo\CV-FathomNet2025\sample\data\rois\228_607.png,
C:\Users\jake3\Desktop\CV Repo\CV-FathomNet2025\sample\data\rois\229_608.png,
C:\Users\jake3\Desktop\CV Repo\CV-FathomNet2025\sample\data\rois\230_609.png,
C:\Users\jake3\Desktop\CV Repo\CV-FathomNet2025\sample\data\rois\230_610.png,
C:\Users\jake3\Desktop\CV Repo\CV-FathomNet2025\sample\data\rois\231_611.png,
C:\Users\jake3\Desktop\CV Repo\CV-FathomNet2025\sample\data\rois\231_612.png,
C:\Users\jake3\Desktop\CV Repo\CV-FathomNet2025\sample\data\rois\231_613.png,
C:\Users\jake3\Desktop\CV Repo\CV-FathomNet2025\sample\data\rois\231_614.png,
C:\Users\jake3\Desktop\CV Repo\CV-FathomNet2025\sample\data\rois\231_615.png,
C:\Users\jake3\Desktop\CV Repo\CV-FathomNet2025\sample\data\rois\231_616.png,
C:\Users\jake3\Desktop\CV Repo\CV-FathomNet2025\sample\data\rois\231_617.png,
C:\Users\jake3\Desktop\CV Repo\CV-FathomNet2025\sample\data\rois\231_618.png,
C:\Users\jake3\Desktop\CV Repo\CV-FathomNet2025\sample\data\rois\231_619.png,
C:\Users\jake3\Desktop\CV Repo\CV-FathomNet2025\sample\data\rois\231_620.png,
C:\Users\jake3\Desktop\CV Repo\CV-FathomNet2025\sample\data\rois\231_621.png,
C:\Users\jake3\Desktop\CV Repo\CV-FathomNet2025\sample\data\rois\231_622.png,
C:\Users\jake3\Desktop\CV Repo\CV-FathomNet2025\sample\data\rois\232_623.png,
C:\Users\jake3\Desktop\CV Repo\CV-FathomNet2025\sample\data\rois\232_624.png,
C:\Users\jake3\Desktop\CV Repo\CV-FathomNet2025\sample\data\rois\233_625.png,
C:\Users\jake3\Desktop\CV Repo\CV-FathomNet2025\sample\data\rois\234_626.png,
C:\Users\jake3\Desktop\CV Repo\CV-FathomNet2025\sample\data\rois\235_627.png,
C:\Users\jake3\Desktop\CV Repo\CV-FathomNet2025\sample\data\rois\236_628.png,
C:\Users\jake3\Desktop\CV Repo\CV-FathomNet2025\sample\data\rois\237_629.png,
C:\Users\jake3\Desktop\CV Repo\CV-FathomNet2025\sample\data\rois\238_630.png,
C:\Users\jake3\Desktop\CV Repo\CV-FathomNet2025\sample\data\rois\238_631.png,
C:\Users\jake3\Desktop\CV Repo\CV-FathomNet2025\sample\data\rois\239_632.png,
C:\Users\jake3\Desktop\CV Repo\CV-FathomNet2025\sample\data\rois\240_633.png,
C:\Users\jake3\Desktop\CV Repo\CV-FathomNet2025\sample\data\rois\241_634.png,
C:\Users\jake3\Desktop\CV Repo\CV-FathomNet2025\sample\data\rois\242_635.png,
C:\Users\jake3\Desktop\CV Repo\CV-FathomNet2025\sample\data\rois\243_636.png,
C:\Users\jake3\Desktop\CV Repo\CV-FathomNet2025\sample\data\rois\244_637.png,
C:\Users\jake3\Desktop\CV Repo\CV-FathomNet2025\sample\data\rois\244_638.png,
C:\Users\jake3\Desktop\CV Repo\CV-FathomNet2025\sample\data\rois\244_639.png,
C:\Users\jake3\Desktop\CV Repo\CV-FathomNet2025\sample\data\rois\244_640.png,
C:\Users\jake3\Desktop\CV Repo\CV-FathomNet2025\sample\data\rois\245_641.png,
C:\Users\jake3\Desktop\CV Repo\CV-FathomNet2025\sample\data\rois\245_642.png,
C:\Users\jake3\Desktop\CV Repo\CV-FathomNet2025\sample\data\rois\245_643.png,
C:\Users\jake3\Desktop\CV Repo\CV-FathomNet2025\sample\data\rois\245_644.png,
C:\Users\jake3\Desktop\CV Repo\CV-FathomNet2025\sample\data\rois\245_645.png,
C:\Users\jake3\Desktop\CV Repo\CV-FathomNet2025\sample\data\rois\245_646.png,
C:\Users\jake3\Desktop\CV Repo\CV-FathomNet2025\sample\data\rois\245_647.png,
C:\Users\jake3\Desktop\CV Repo\CV-FathomNet2025\sample\data\rois\245_648.png,
C:\Users\jake3\Desktop\CV Repo\CV-FathomNet2025\sample\data\rois\246_649.png,
C:\Users\jake3\Desktop\CV Repo\CV-FathomNet2025\sample\data\rois\247_650.png,
C:\Users\jake3\Desktop\CV Repo\CV-FathomNet2025\sample\data\rois\247_651.png,
C:\Users\jake3\Desktop\CV Repo\CV-FathomNet2025\sample\data\rois\248_652.png,
C:\Users\jake3\Desktop\CV Repo\CV-FathomNet2025\sample\data\rois\249_653.png,
C:\Users\jake3\Desktop\CV Repo\CV-FathomNet2025\sample\data\rois\249_654.png,
C:\Users\jake3\Desktop\CV Repo\CV-FathomNet2025\sample\data\rois\249_655.png,
C:\Users\jake3\Desktop\CV Repo\CV-FathomNet2025\sample\data\rois\250_656.png,
C:\Users\jake3\Desktop\CV Repo\CV-FathomNet2025\sample\data\rois\251_657.png,
C:\Users\jake3\Desktop\CV Repo\CV-FathomNet2025\sample\data\rois\252_658.png,
C:\Users\jake3\Desktop\CV Repo\CV-FathomNet2025\sample\data\rois\252_659.png,
C:\Users\jake3\Desktop\CV Repo\CV-FathomNet2025\sample\data\rois\252_660.png,
C:\Users\jake3\Desktop\CV Repo\CV-FathomNet2025\sample\data\rois\252_661.png,
C:\Users\jake3\Desktop\CV Repo\CV-FathomNet2025\sample\data\rois\252_662.png,
C:\Users\jake3\Desktop\CV Repo\CV-FathomNet2025\sample\data\rois\252_663.png,
C:\Users\jake3\Desktop\CV Repo\CV-FathomNet2025\sample\data\rois\252_664.png,
C:\Users\jake3\Desktop\CV Repo\CV-FathomNet2025\sample\data\rois\252_665.png,
C:\Users\jake3\Desktop\CV Repo\CV-FathomNet2025\sample\data\rois\253_666.png,
C:\Users\jake3\Desktop\CV Repo\CV-FathomNet2025\sample\data\rois\254_667.png,
C:\Users\jake3\Desktop\CV Repo\CV-FathomNet2025\sample\data\rois\255_668.png,
C:\Users\jake3\Desktop\CV Repo\CV-FathomNet2025\sample\data\rois\256_669.png,
C:\Users\jake3\Desktop\CV Repo\CV-FathomNet2025\sample\data\rois\257_670.png,
C:\Users\jake3\Desktop\CV Repo\CV-FathomNet2025\sample\data\rois\257_671.png,
C:\Users\jake3\Desktop\CV Repo\CV-FathomNet2025\sample\data\rois\257_672.png,
C:\Users\jake3\Desktop\CV Repo\CV-FathomNet2025\sample\data\rois\258_673.png,
C:\Users\jake3\Desktop\CV Repo\CV-FathomNet2025\sample\data\rois\259_674.png,
C:\Users\jake3\Desktop\CV Repo\CV-FathomNet2025\sample\data\rois\259_675.png,
C:\Users\jake3\Desktop\CV Repo\CV-FathomNet2025\sample\data\rois\260_676.png,
C:\Users\jake3\Desktop\CV Repo\CV-FathomNet2025\sample\data\rois\260_677.png,
C:\Users\jake3\Desktop\CV Repo\CV-FathomNet2025\sample\data\rois\261_678.png,
C:\Users\jake3\Desktop\CV Repo\CV-FathomNet2025\sample\data\rois\262_679.png,
C:\Users\jake3\Desktop\CV Repo\CV-FathomNet2025\sample\data\rois\262_680.png,
C:\Users\jake3\Desktop\CV Repo\CV-FathomNet2025\sample\data\rois\262_681.png,
C:\Users\jake3\Desktop\CV Repo\CV-FathomNet2025\sample\data\rois\262_682.png,
C:\Users\jake3\Desktop\CV Repo\CV-FathomNet2025\sample\data\rois\262_683.png,
C:\Users\jake3\Desktop\CV Repo\CV-FathomNet2025\sample\data\rois\262_684.png,
C:\Users\jake3\Desktop\CV Repo\CV-FathomNet2025\sample\data\rois\262_685.png,
C:\Users\jake3\Desktop\CV Repo\CV-FathomNet2025\sample\data\rois\262_686.png,
C:\Users\jake3\Desktop\CV Repo\CV-FathomNet2025\sample\data\rois\262_687.png,
C:\Users\jake3\Desktop\CV Repo\CV-FathomNet2025\sample\data\rois\262_688.png,
C:\Users\jake3\Desktop\CV Repo\CV-FathomNet2025\sample\data\rois\262_689.png,
C:\Users\jake3\Desktop\CV Repo\CV-FathomNet2025\sample\data\rois\263_690.png,
C:\Users\jake3\Desktop\CV Repo\CV-FathomNet2025\sample\data\rois\264_691.png,
C:\Users\jake3\Desktop\CV Repo\CV-FathomNet2025\sample\data\rois\265_692.png,
C:\Users\jake3\Desktop\CV Repo\CV-FathomNet2025\sample\data\rois\266_693.png,
C:\Users\jake3\Desktop\CV Repo\CV-FathomNet2025\sample\data\rois\267_694.png,
C:\Users\jake3\Desktop\CV Repo\CV-FathomNet2025\sample\data\rois\268_695.png,
C:\Users\jake3\Desktop\CV Repo\CV-FathomNet2025\sample\data\rois\269_696.png,
C:\Users\jake3\Desktop\CV Repo\CV-FathomNet2025\sample\data\rois\270_697.png,
C:\Users\jake3\Desktop\CV Repo\CV-FathomNet2025\sample\data\rois\271_698.png,
C:\Users\jake3\Desktop\CV Repo\CV-FathomNet2025\sample\data\rois\271_699.png,
C:\Users\jake3\Desktop\CV Repo\CV-FathomNet2025\sample\data\rois\271_700.png,
C:\Users\jake3\Desktop\CV Repo\CV-FathomNet2025\sample\data\rois\271_701.png,
C:\Users\jake3\Desktop\CV Repo\CV-FathomNet2025\sample\data\rois\271_702.png,
C:\Users\jake3\Desktop\CV Repo\CV-FathomNet2025\sample\data\rois\272_703.png,
C:\Users\jake3\Desktop\CV Repo\CV-FathomNet2025\sample\data\rois\273_704.png,
C:\Users\jake3\Desktop\CV Repo\CV-FathomNet2025\sample\data\rois\274_705.png,
C:\Users\jake3\Desktop\CV Repo\CV-FathomNet2025\sample\data\rois\275_706.png,
C:\Users\jake3\Desktop\CV Repo\CV-FathomNet2025\sample\data\rois\276_707.png,
C:\Users\jake3\Desktop\CV Repo\CV-FathomNet2025\sample\data\rois\276_708.png,
C:\Users\jake3\Desktop\CV Repo\CV-FathomNet2025\sample\data\rois\276_709.png,
C:\Users\jake3\Desktop\CV Repo\CV-FathomNet2025\sample\data\rois\276_710.png,
C:\Users\jake3\Desktop\CV Repo\CV-FathomNet2025\sample\data\rois\277_711.png,
C:\Users\jake3\Desktop\CV Repo\CV-FathomNet2025\sample\data\rois\278_712.png,
C:\Users\jake3\Desktop\CV Repo\CV-FathomNet2025\sample\data\rois\278_713.png,
C:\Users\jake3\Desktop\CV Repo\CV-FathomNet2025\sample\data\rois\279_714.png,
C:\Users\jake3\Desktop\CV Repo\CV-FathomNet2025\sample\data\rois\280_715.png,
C:\Users\jake3\Desktop\CV Repo\CV-FathomNet2025\sample\data\rois\281_716.png,
C:\Users\jake3\Desktop\CV Repo\CV-FathomNet2025\sample\data\rois\281_717.png,
C:\Users\jake3\Desktop\CV Repo\CV-FathomNet2025\sample\data\rois\282_718.png,
C:\Users\jake3\Desktop\CV Repo\CV-FathomNet2025\sample\data\rois\282_719.png,
C:\Users\jake3\Desktop\CV Repo\CV-FathomNet2025\sample\data\rois\282_720.png,
C:\Users\jake3\Desktop\CV Repo\CV-FathomNet2025\sample\data\rois\282_721.png,
C:\Users\jake3\Desktop\CV Repo\CV-FathomNet2025\sample\data\rois\282_722.png,
C:\Users\jake3\Desktop\CV Repo\CV-FathomNet2025\sample\data\rois\282_723.png,
C:\Users\jake3\Desktop\CV Repo\CV-FathomNet2025\sample\data\rois\282_724.png,
C:\Users\jake3\Desktop\CV Repo\CV-FathomNet2025\sample\data\rois\282_725.png,
C:\Users\jake3\Desktop\CV Repo\CV-FathomNet2025\sample\data\rois\283_726.png,
C:\Users\jake3\Desktop\CV Repo\CV-FathomNet2025\sample\data\rois\284_727.png,
C:\Users\jake3\Desktop\CV Repo\CV-FathomNet2025\sample\data\rois\284_728.png,
C:\Users\jake3\Desktop\CV Repo\CV-FathomNet2025\sample\data\rois\284_729.png,
C:\Users\jake3\Desktop\CV Repo\CV-FathomNet2025\sample\data\rois\285_730.png,
C:\Users\jake3\Desktop\CV Repo\CV-FathomNet2025\sample\data\rois\286_731.png,
C:\Users\jake3\Desktop\CV Repo\CV-FathomNet2025\sample\data\rois\286_732.png,
C:\Users\jake3\Desktop\CV Repo\CV-FathomNet2025\sample\data\rois\287_733.png,
C:\Users\jake3\Desktop\CV Repo\CV-FathomNet2025\sample\data\rois\287_734.png,
C:\Users\jake3\Desktop\CV Repo\CV-FathomNet2025\sample\data\rois\287_735.png,
C:\Users\jake3\Desktop\CV Repo\CV-FathomNet2025\sample\data\rois\288_736.png,
C:\Users\jake3\Desktop\CV Repo\CV-FathomNet2025\sample\data\rois\288_737.png,
C:\Users\jake3\Desktop\CV Repo\CV-FathomNet2025\sample\data\rois\289_738.png,
C:\Users\jake3\Desktop\CV Repo\CV-FathomNet2025\sample\data\rois\289_739.png,
C:\Users\jake3\Desktop\CV Repo\CV-FathomNet2025\sample\data\rois\290_740.png,
C:\Users\jake3\Desktop\CV Repo\CV-FathomNet2025\sample\data\rois\290_741.png,
C:\Users\jake3\Desktop\CV Repo\CV-FathomNet2025\sample\data\rois\290_742.png,
C:\Users\jake3\Desktop\CV Repo\CV-FathomNet2025\sample\data\rois\290_743.png,
C:\Users\jake3\Desktop\CV Repo\CV-FathomNet2025\sample\data\rois\290_744.png,
C:\Users\jake3\Desktop\CV Repo\CV-FathomNet2025\sample\data\rois\291_745.png,
C:\Users\jake3\Desktop\CV Repo\CV-FathomNet2025\sample\data\rois\291_746.png,
C:\Users\jake3\Desktop\CV Repo\CV-FathomNet2025\sample\data\rois\291_747.png,
C:\Users\jake3\Desktop\CV Repo\CV-FathomNet2025\sample\data\rois\291_748.png,
C:\Users\jake3\Desktop\CV Repo\CV-FathomNet2025\sample\data\rois\292_749.png,
C:\Users\jake3\Desktop\CV Repo\CV-FathomNet2025\sample\data\rois\293_750.png,
C:\Users\jake3\Desktop\CV Repo\CV-FathomNet2025\sample\data\rois\293_751.png,
C:\Users\jake3\Desktop\CV Repo\CV-FathomNet2025\sample\data\rois\293_752.png,
C:\Users\jake3\Desktop\CV Repo\CV-FathomNet2025\sample\data\rois\294_753.png,
C:\Users\jake3\Desktop\CV Repo\CV-FathomNet2025\sample\data\rois\295_754.png,
C:\Users\jake3\Desktop\CV Repo\CV-FathomNet2025\sample\data\rois\296_755.png,
C:\Users\jake3\Desktop\CV Repo\CV-FathomNet2025\sample\data\rois\297_756.png,
C:\Users\jake3\Desktop\CV Repo\CV-FathomNet2025\sample\data\rois\298_757.png,
C:\Users\jake3\Desktop\CV Repo\CV-FathomNet2025\sample\data\rois\299_758.png,
C:\Users\jake3\Desktop\CV Repo\CV-FathomNet2025\sample\data\rois\300_759.png,
C:\Users\jake3\Desktop\CV Repo\CV-FathomNet2025\sample\data\rois\300_760.png,
C:\Users\jake3\Desktop\CV Repo\CV-FathomNet2025\sample\data\rois\301_761.png,
C:\Users\jake3\Desktop\CV Repo\CV-FathomNet2025\sample\data\rois\302_762.png,
C:\Users\jake3\Desktop\CV Repo\CV-FathomNet2025\sample\data\rois\303_763.png,
C:\Users\jake3\Desktop\CV Repo\CV-FathomNet2025\sample\data\rois\304_764.png,
C:\Users\jake3\Desktop\CV Repo\CV-FathomNet2025\sample\data\rois\305_765.png,
C:\Users\jake3\Desktop\CV Repo\CV-FathomNet2025\sample\data\rois\306_766.png,
C:\Users\jake3\Desktop\CV Repo\CV-FathomNet2025\sample\data\rois\307_767.png,
C:\Users\jake3\Desktop\CV Repo\CV-FathomNet2025\sample\data\rois\308_768.png,
C:\Users\jake3\Desktop\CV Repo\CV-FathomNet2025\sample\data\rois\308_769.png,
C:\Users\jake3\Desktop\CV Repo\CV-FathomNet2025\sample\data\rois\309_770.png,
C:\Users\jake3\Desktop\CV Repo\CV-FathomNet2025\sample\data\rois\310_771.png,
C:\Users\jake3\Desktop\CV Repo\CV-FathomNet2025\sample\data\rois\311_772.png,
C:\Users\jake3\Desktop\CV Repo\CV-FathomNet2025\sample\data\rois\312_773.png,
C:\Users\jake3\Desktop\CV Repo\CV-FathomNet2025\sample\data\rois\313_774.png,
C:\Users\jake3\Desktop\CV Repo\CV-FathomNet2025\sample\data\rois\314_775.png,
C:\Users\jake3\Desktop\CV Repo\CV-FathomNet2025\sample\data\rois\315_776.png,
C:\Users\jake3\Desktop\CV Repo\CV-FathomNet2025\sample\data\rois\316_777.png,
C:\Users\jake3\Desktop\CV Repo\CV-FathomNet2025\sample\data\rois\317_778.png,
C:\Users\jake3\Desktop\CV Repo\CV-FathomNet2025\sample\data\rois\318_779.png,
C:\Users\jake3\Desktop\CV Repo\CV-FathomNet2025\sample\data\rois\319_780.png,
C:\Users\jake3\Desktop\CV Repo\CV-FathomNet2025\sample\data\rois\319_781.png,
C:\Users\jake3\Desktop\CV Repo\CV-FathomNet2025\sample\data\rois\319_782.png,
C:\Users\jake3\Desktop\CV Repo\CV-FathomNet2025\sample\data\rois\320_783.png,
C:\Users\jake3\Desktop\CV Repo\CV-FathomNet2025\sample\data\rois\321_784.png,
C:\Users\jake3\Desktop\CV Repo\CV-FathomNet2025\sample\data\rois\322_785.png,
C:\Users\jake3\Desktop\CV Repo\CV-FathomNet2025\sample\data\rois\323_786.png,
C:\Users\jake3\Desktop\CV Repo\CV-FathomNet2025\sample\data\rois\324_787.png,
C:\Users\jake3\Desktop\CV Repo\CV-FathomNet2025\sample\data\rois\325_788.png,
